[06-Mar-2026 01:00:15 UTC] OxiDB SQL: SELECT option_value FROM wp_options WHERE option_name = 'siteurl'
[06-Mar-2026 01:00:15 UTC] OxiDB DESCRIBE: wp_users
[06-Mar-2026 01:00:15 UTC] OxiDB DESCRIBE: wp_usermeta
[06-Mar-2026 01:00:15 UTC] OxiDB DESCRIBE: wp_posts
[06-Mar-2026 01:00:15 UTC] OxiDB DESCRIBE: wp_comments
[06-Mar-2026 01:00:15 UTC] OxiDB DESCRIBE: wp_links
[06-Mar-2026 01:00:15 UTC] OxiDB DESCRIBE: wp_options
[06-Mar-2026 01:00:19 UTC] OxiDB SQL: SELECT option_value FROM wp_options WHERE option_name = 'siteurl'
[06-Mar-2026 01:00:19 UTC] OxiDB DESCRIBE: wp_users
[06-Mar-2026 01:00:19 UTC] OxiDB DESCRIBE: wp_usermeta
[06-Mar-2026 01:00:19 UTC] OxiDB DESCRIBE: wp_posts
[06-Mar-2026 01:00:19 UTC] OxiDB DESCRIBE: wp_comments
[06-Mar-2026 01:00:19 UTC] OxiDB DESCRIBE: wp_links
[06-Mar-2026 01:00:19 UTC] OxiDB DESCRIBE: wp_options
[06-Mar-2026 01:00:23 UTC] OxiDB SQL: SELECT option_value FROM wp_options WHERE option_name = 'siteurl'
[06-Mar-2026 01:00:23 UTC] OxiDB DESCRIBE: wp_users
[06-Mar-2026 01:00:23 UTC] OxiDB DESCRIBE: wp_usermeta
[06-Mar-2026 01:00:23 UTC] OxiDB DESCRIBE: wp_posts
[06-Mar-2026 01:00:23 UTC] OxiDB DESCRIBE: wp_comments
[06-Mar-2026 01:00:23 UTC] OxiDB DESCRIBE: wp_links
[06-Mar-2026 01:00:23 UTC] OxiDB DESCRIBE: wp_options
[06-Mar-2026 01:01:49 UTC] PHP Deprecated:  rtrim(): Passing null to parameter #1 ($string) of type string is deprecated in /Users/barisakin/source/docdb/wordpress/wordpress/wp-includes/formatting.php on line 2837
[06-Mar-2026 01:01:49 UTC] OxiDB wpdb error: invalid query: unsupported SQL expression: option_name REGEXP '^rss_[0-9a-f]{32}(_ts)?$' | Query: DELETE FROM wp_options WHERE option_name REGEXP '^rss_[0-9a-f]{32}(_ts)?$'
[06-Mar-2026 01:01:49 UTC] OxiDB wpdb error: invalid query: unsupported value expression: CONCAT('_transient_timeout_', SUBSTRING(a.option_name, 12)) | Query: DELETE a, b FROM wp_options a, wp_options b
			WHERE a.option_name LIKE '\\_transient\\_%'
			AND a.option_name NOT LIKE '\\_transient\\_timeout\\_%'
			AND b.option_name = CONCAT( '_transient_timeout_', SUBSTRING( a.option_name, 12 ) )
			AND b.option_value < 1772758909
[06-Mar-2026 01:01:49 UTC] OxiDB wpdb error: invalid query: unsupported value expression: CONCAT('_site_transient_timeout_', SUBSTRING(a.option_name, 17)) | Query: DELETE a, b FROM wp_options a, wp_options b
				WHERE a.option_name LIKE '\\_site\\_transient\\_%'
				AND a.option_name NOT LIKE '\\_site\\_transient\\_timeout\\_%'
				AND b.option_name = CONCAT( '_site_transient_timeout_', SUBSTRING( a.option_name, 17 ) )
				AND b.option_value < 1772758909
[06-Mar-2026 01:03:00 UTC] PHP Deprecated:  rtrim(): Passing null to parameter #1 ($string) of type string is deprecated in /Users/barisakin/source/docdb/wordpress/wordpress/wp-includes/formatting.php on line 2837
[06-Mar-2026 01:24:41 UTC] OxiDB wpdb error: invalid query: SQL parse error: sql parser error: Expected: end of statement, found: . at Line: 1, Column: 37 | Query: SELECT SQL_CALC_FOUND_ROWS  wp_posts.ID
					 FROM wp_posts 
					 WHERE 1=1  AND ((wp_posts.post_type = 'post' AND (wp_posts.post_status = 'publish')))
					 
					 ORDER BY wp_posts.post_date DESC
					 LIMIT 0, 10
[06-Mar-2026 01:24:41 UTC] OxiDB wpdb error: invalid query: expected field name, got: 1 | Query: SELECT   wp_posts.ID
					 FROM wp_posts 
					 WHERE 1=1  AND wp_posts.post_name IN ('front-page') AND ( 
  0 = 1
) AND wp_posts.post_type = 'wp_template' AND ((wp_posts.post_status = 'publish'))
					 GROUP BY wp_posts.ID
					 ORDER BY wp_posts.post_date DESC
					 LIMIT 0, 1
[06-Mar-2026 01:24:41 UTC] OxiDB wpdb error: invalid query: expected field name, got: 1 | Query: SELECT   wp_posts.ID
					 FROM wp_posts 
					 WHERE 1=1  AND wp_posts.post_name IN ('home','index') AND ( 
  0 = 1
) AND wp_posts.post_type = 'wp_template' AND ((wp_posts.post_status = 'publish'))
					 GROUP BY wp_posts.ID
					 ORDER BY wp_posts.post_date DESC
					 LIMIT 0, 2
[06-Mar-2026 01:24:41 UTC] OxiDB wpdb error: invalid query: expected field name, got: 1 | Query: SELECT   wp_posts.ID
					 FROM wp_posts 
					 WHERE 1=1  AND wp_posts.post_name IN ('header') AND ( 
  0 = 1
) AND wp_posts.post_type = 'wp_template_part' AND ((wp_posts.post_status = 'publish'))
					 GROUP BY wp_posts.ID
					 ORDER BY wp_posts.post_date DESC
					 LIMIT 0, 1
[06-Mar-2026 01:24:41 UTC] OxiDB wpdb error: invalid query: expected field name, got: 1 | Query: SELECT   wp_posts.ID
					 FROM wp_posts 
					 WHERE 1=1  AND wp_posts.post_type = 'wp_navigation' AND ((wp_posts.post_status = 'publish'))
					 
					 ORDER BY wp_posts.post_date DESC
					 LIMIT 0, 1
[06-Mar-2026 01:24:41 UTC] OxiDB wpdb error: invalid query: expected field name, got: 1 | Query: SELECT   wp_posts.*
					 FROM wp_posts 
					 WHERE 1=1  AND wp_posts.post_name = 'navigation' AND wp_posts.ID NOT IN (0) AND wp_posts.post_type IN ('post', 'page', 'attachment') AND ((wp_posts.post_status = 'trash'))
					 
					 ORDER BY wp_posts.post_date DESC
					 
[06-Mar-2026 01:24:41 UTC] PHP Warning:  Attempt to read property "ID" on null in /Users/barisakin/source/docdb/wordpress/wordpress/wp-includes/post.php on line 7937
[06-Mar-2026 01:24:41 UTC] PHP Warning:  Attempt to read property "ID" on null in /Users/barisakin/source/docdb/wordpress/wordpress/wp-includes/post.php on line 7938
[06-Mar-2026 01:24:41 UTC] PHP Warning:  Attempt to read property "ID" on null in /Users/barisakin/source/docdb/wordpress/wordpress/wp-includes/post.php on line 7938
[06-Mar-2026 01:24:41 UTC] PHP Warning:  Attempt to read property "ID" on null in /Users/barisakin/source/docdb/wordpress/wordpress/wp-includes/post.php on line 7949
[06-Mar-2026 01:24:41 UTC] PHP Warning:  Attempt to read property "post_type" on null in /Users/barisakin/source/docdb/wordpress/wordpress/wp-includes/post.php on line 7957
[06-Mar-2026 01:24:41 UTC] PHP Warning:  Attempt to read property "post_type" on null in /Users/barisakin/source/docdb/wordpress/wordpress/wp-includes/post.php on line 7957
[06-Mar-2026 01:24:41 UTC] PHP Warning:  Attempt to read property "post_type" on null in /Users/barisakin/source/docdb/wordpress/wordpress/wp-includes/post.php on line 7957
[06-Mar-2026 01:24:41 UTC] PHP Warning:  Attempt to read property "post_type" on null in /Users/barisakin/source/docdb/wordpress/wordpress/wp-includes/post.php on line 7962
[06-Mar-2026 01:24:41 UTC] PHP Warning:  Attempt to read property "post_type" on null in /Users/barisakin/source/docdb/wordpress/wordpress/wp-includes/post.php on line 7963
[06-Mar-2026 01:24:41 UTC] PHP Warning:  Attempt to read property "ID" on null in /Users/barisakin/source/docdb/wordpress/wordpress/wp-includes/post.php on line 7967
[06-Mar-2026 01:24:41 UTC] PHP Warning:  Attempt to read property "post_type" on null in /Users/barisakin/source/docdb/wordpress/wordpress/wp-includes/post.php on line 8229
[06-Mar-2026 01:24:41 UTC] PHP Warning:  Attempt to read property "post_type" on null in /Users/barisakin/source/docdb/wordpress/wordpress/wp-includes/nav-menu.php on line 1139
[06-Mar-2026 01:24:41 UTC] PHP Warning:  Attempt to read property "post_type" on null in /Users/barisakin/source/docdb/wordpress/wordpress/wp-includes/theme.php on line 3656
[06-Mar-2026 01:24:41 UTC] PHP Warning:  Attempt to read property "post_type" on null in /Users/barisakin/source/docdb/wordpress/wordpress/wp-includes/theme.php on line 3882
[06-Mar-2026 01:24:41 UTC] PHP Warning:  Attempt to read property "post_type" on null in /Users/barisakin/source/docdb/wordpress/wordpress/wp-includes/post.php on line 5884
[06-Mar-2026 01:24:41 UTC] PHP Warning:  Attempt to read property "ID" on null in /Users/barisakin/source/docdb/wordpress/wordpress/wp-includes/post.php on line 5884
[06-Mar-2026 01:24:41 UTC] PHP Warning:  Attempt to read property "post_type" on null in /Users/barisakin/source/docdb/wordpress/wordpress/wp-includes/post.php on line 5183
[06-Mar-2026 01:24:41 UTC] OxiDB wpdb error: invalid query: expected field name, got: 1 | Query: SELECT   wp_posts.*
					 FROM wp_posts 
					 WHERE 1=1  AND wp_posts.post_type = 'page' AND ((wp_posts.post_status = 'publish'))
					 
					 ORDER BY wp_posts.menu_order ASC, wp_posts.post_title ASC
					 
[06-Mar-2026 01:24:41 UTC] OxiDB wpdb error: invalid query: expected field name, got: 1 | Query: SELECT   wp_posts.ID
					 FROM wp_posts 
					 WHERE 1=1  AND ( 
  0 = 1
) AND wp_posts.post_type = 'wp_global_styles' AND ((wp_posts.post_status = 'publish'))
					 GROUP BY wp_posts.ID
					 ORDER BY wp_posts.post_date DESC
					 LIMIT 0, 1
[06-Mar-2026 01:24:41 UTC] OxiDB wpdb error: invalid query: expected field name, got: 1 | Query: SELECT   wp_posts.ID
					 FROM wp_posts 
					 WHERE 1=1  AND wp_posts.post_name IN ('footer') AND ( 
  0 = 1
) AND wp_posts.post_type = 'wp_template_part' AND ((wp_posts.post_status = 'publish'))
					 GROUP BY wp_posts.ID
					 ORDER BY wp_posts.post_date DESC
					 LIMIT 0, 1
[06-Mar-2026 01:24:41 UTC] OxiDB wpdb error: invalid query: expected field name, got: 1 | Query: SELECT   wp_posts.*
					 FROM wp_posts 
					 WHERE 1=1  AND wp_posts.post_name = 'twentytwentyfive' AND wp_posts.post_type = 'custom_css' AND ((wp_posts.post_status = 'publish' OR wp_posts.post_status = 'future' OR wp_posts.post_status = 'draft' OR wp_posts.post_status = 'pending' OR wp_posts.post_status = 'trash' OR wp_posts.post_status = 'auto-draft' OR wp_posts.post_status = 'inherit' OR wp_posts.post_status = 'request-pending' OR wp_posts.post_status = 'request-confirmed' OR wp_posts.post_status = 'request-failed' OR wp_posts.post_status = 'request-completed' OR wp_posts.post_status = 'private'))
					 
					 ORDER BY wp_posts.post_date DESC
					 
[06-Mar-2026 01:25:56 UTC] OxiDB wpdb error: invalid query: expected field name, got: 1 | Query: SELECT SQL_CALC_FOUND_ROWS  wp_posts.ID
					 FROM wp_posts 
					 WHERE 1=1  AND ((wp_posts.post_type = 'post' AND (wp_posts.post_status = 'publish')))
					 
					 ORDER BY wp_posts.post_date DESC
					 LIMIT 0, 10
[06-Mar-2026 01:25:56 UTC] OxiDB wpdb error: invalid query: expected field name, got: 1 | Query: SELECT   wp_posts.ID
					 FROM wp_posts 
					 WHERE 1=1  AND wp_posts.post_name IN ('front-page') AND ( 
  0 = 1
) AND wp_posts.post_type = 'wp_template' AND ((wp_posts.post_status = 'publish'))
					 GROUP BY wp_posts.ID
					 ORDER BY wp_posts.post_date DESC
					 LIMIT 0, 1
[06-Mar-2026 01:25:56 UTC] OxiDB wpdb error: invalid query: expected field name, got: 1 | Query: SELECT   wp_posts.ID
					 FROM wp_posts 
					 WHERE 1=1  AND wp_posts.post_name IN ('home','index') AND ( 
  0 = 1
) AND wp_posts.post_type = 'wp_template' AND ((wp_posts.post_status = 'publish'))
					 GROUP BY wp_posts.ID
					 ORDER BY wp_posts.post_date DESC
					 LIMIT 0, 2
[06-Mar-2026 01:25:56 UTC] OxiDB wpdb error: invalid query: expected field name, got: 1 | Query: SELECT   wp_posts.ID
					 FROM wp_posts 
					 WHERE 1=1  AND wp_posts.post_name IN ('header') AND ( 
  0 = 1
) AND wp_posts.post_type = 'wp_template_part' AND ((wp_posts.post_status = 'publish'))
					 GROUP BY wp_posts.ID
					 ORDER BY wp_posts.post_date DESC
					 LIMIT 0, 1
[06-Mar-2026 01:25:56 UTC] OxiDB wpdb error: invalid query: expected field name, got: 1 | Query: SELECT   wp_posts.ID
					 FROM wp_posts 
					 WHERE 1=1  AND wp_posts.post_type = 'wp_navigation' AND ((wp_posts.post_status = 'publish'))
					 
					 ORDER BY wp_posts.post_date DESC
					 LIMIT 0, 1
[06-Mar-2026 01:25:56 UTC] OxiDB wpdb error: invalid query: expected field name, got: 1 | Query: SELECT   wp_posts.*
					 FROM wp_posts 
					 WHERE 1=1  AND wp_posts.post_name = 'navigation' AND wp_posts.ID NOT IN (0) AND wp_posts.post_type IN ('post', 'page', 'attachment') AND ((wp_posts.post_status = 'trash'))
					 
					 ORDER BY wp_posts.post_date DESC
					 
[06-Mar-2026 01:25:56 UTC] PHP Warning:  Attempt to read property "ID" on null in /Users/barisakin/source/docdb/wordpress/wordpress/wp-includes/post.php on line 7937
[06-Mar-2026 01:25:56 UTC] PHP Warning:  Attempt to read property "ID" on null in /Users/barisakin/source/docdb/wordpress/wordpress/wp-includes/post.php on line 7938
[06-Mar-2026 01:25:56 UTC] PHP Warning:  Attempt to read property "ID" on null in /Users/barisakin/source/docdb/wordpress/wordpress/wp-includes/post.php on line 7938
[06-Mar-2026 01:25:56 UTC] PHP Warning:  Attempt to read property "ID" on null in /Users/barisakin/source/docdb/wordpress/wordpress/wp-includes/post.php on line 7949
[06-Mar-2026 01:25:56 UTC] PHP Warning:  Attempt to read property "post_type" on null in /Users/barisakin/source/docdb/wordpress/wordpress/wp-includes/post.php on line 7957
[06-Mar-2026 01:25:56 UTC] PHP Warning:  Attempt to read property "post_type" on null in /Users/barisakin/source/docdb/wordpress/wordpress/wp-includes/post.php on line 7957
[06-Mar-2026 01:25:56 UTC] PHP Warning:  Attempt to read property "post_type" on null in /Users/barisakin/source/docdb/wordpress/wordpress/wp-includes/post.php on line 7957
[06-Mar-2026 01:25:56 UTC] PHP Warning:  Attempt to read property "post_type" on null in /Users/barisakin/source/docdb/wordpress/wordpress/wp-includes/post.php on line 7962
[06-Mar-2026 01:25:56 UTC] PHP Warning:  Attempt to read property "post_type" on null in /Users/barisakin/source/docdb/wordpress/wordpress/wp-includes/post.php on line 7963
[06-Mar-2026 01:25:56 UTC] PHP Warning:  Attempt to read property "ID" on null in /Users/barisakin/source/docdb/wordpress/wordpress/wp-includes/post.php on line 7967
[06-Mar-2026 01:25:56 UTC] PHP Warning:  Attempt to read property "post_type" on null in /Users/barisakin/source/docdb/wordpress/wordpress/wp-includes/post.php on line 8229
[06-Mar-2026 01:25:56 UTC] PHP Warning:  Attempt to read property "post_type" on null in /Users/barisakin/source/docdb/wordpress/wordpress/wp-includes/nav-menu.php on line 1139
[06-Mar-2026 01:25:56 UTC] PHP Warning:  Attempt to read property "post_type" on null in /Users/barisakin/source/docdb/wordpress/wordpress/wp-includes/theme.php on line 3656
[06-Mar-2026 01:25:56 UTC] PHP Warning:  Attempt to read property "post_type" on null in /Users/barisakin/source/docdb/wordpress/wordpress/wp-includes/theme.php on line 3882
[06-Mar-2026 01:25:56 UTC] PHP Warning:  Attempt to read property "post_type" on null in /Users/barisakin/source/docdb/wordpress/wordpress/wp-includes/post.php on line 5884
[06-Mar-2026 01:25:56 UTC] PHP Warning:  Attempt to read property "ID" on null in /Users/barisakin/source/docdb/wordpress/wordpress/wp-includes/post.php on line 5884
[06-Mar-2026 01:25:56 UTC] PHP Warning:  Attempt to read property "post_type" on null in /Users/barisakin/source/docdb/wordpress/wordpress/wp-includes/post.php on line 5183
[06-Mar-2026 01:25:56 UTC] OxiDB wpdb error: invalid query: expected field name, got: 1 | Query: SELECT   wp_posts.*
					 FROM wp_posts 
					 WHERE 1=1  AND wp_posts.post_type = 'page' AND ((wp_posts.post_status = 'publish'))
					 
					 ORDER BY wp_posts.menu_order ASC, wp_posts.post_title ASC
					 
[06-Mar-2026 01:25:56 UTC] OxiDB wpdb error: invalid query: expected field name, got: 1 | Query: SELECT   wp_posts.ID
					 FROM wp_posts 
					 WHERE 1=1  AND ( 
  0 = 1
) AND wp_posts.post_type = 'wp_global_styles' AND ((wp_posts.post_status = 'publish'))
					 GROUP BY wp_posts.ID
					 ORDER BY wp_posts.post_date DESC
					 LIMIT 0, 1
[06-Mar-2026 01:25:56 UTC] OxiDB wpdb error: invalid query: expected field name, got: 1 | Query: SELECT   wp_posts.ID
					 FROM wp_posts 
					 WHERE 1=1  AND wp_posts.post_name IN ('footer') AND ( 
  0 = 1
) AND wp_posts.post_type = 'wp_template_part' AND ((wp_posts.post_status = 'publish'))
					 GROUP BY wp_posts.ID
					 ORDER BY wp_posts.post_date DESC
					 LIMIT 0, 1
[06-Mar-2026 01:26:00 UTC] OxiDB wpdb error: invalid query: expected field name, got: 1 | Query: SELECT SQL_CALC_FOUND_ROWS  wp_posts.ID
					 FROM wp_posts 
					 WHERE 1=1  AND ((wp_posts.post_type = 'post' AND (wp_posts.post_status = 'publish')))
					 
					 ORDER BY wp_posts.post_date DESC
					 LIMIT 0, 10
[06-Mar-2026 01:26:00 UTC] OxiDB wpdb error: invalid query: expected field name, got: 1 | Query: SELECT   wp_posts.ID
					 FROM wp_posts 
					 WHERE 1=1  AND wp_posts.post_name IN ('front-page') AND ( 
  0 = 1
) AND wp_posts.post_type = 'wp_template' AND ((wp_posts.post_status = 'publish'))
					 GROUP BY wp_posts.ID
					 ORDER BY wp_posts.post_date DESC
					 LIMIT 0, 1
[06-Mar-2026 01:26:00 UTC] OxiDB wpdb error: invalid query: expected field name, got: 1 | Query: SELECT   wp_posts.ID
					 FROM wp_posts 
					 WHERE 1=1  AND wp_posts.post_name IN ('home','index') AND ( 
  0 = 1
) AND wp_posts.post_type = 'wp_template' AND ((wp_posts.post_status = 'publish'))
					 GROUP BY wp_posts.ID
					 ORDER BY wp_posts.post_date DESC
					 LIMIT 0, 2
[06-Mar-2026 01:26:00 UTC] OxiDB wpdb error: invalid query: expected field name, got: 1 | Query: SELECT   wp_posts.ID
					 FROM wp_posts 
					 WHERE 1=1  AND wp_posts.post_name IN ('header') AND ( 
  0 = 1
) AND wp_posts.post_type = 'wp_template_part' AND ((wp_posts.post_status = 'publish'))
					 GROUP BY wp_posts.ID
					 ORDER BY wp_posts.post_date DESC
					 LIMIT 0, 1
[06-Mar-2026 01:26:00 UTC] OxiDB wpdb error: invalid query: expected field name, got: 1 | Query: SELECT   wp_posts.ID
					 FROM wp_posts 
					 WHERE 1=1  AND wp_posts.post_type = 'wp_navigation' AND ((wp_posts.post_status = 'publish'))
					 
					 ORDER BY wp_posts.post_date DESC
					 LIMIT 0, 1
[06-Mar-2026 01:26:00 UTC] OxiDB wpdb error: invalid query: expected field name, got: 1 | Query: SELECT   wp_posts.*
					 FROM wp_posts 
					 WHERE 1=1  AND wp_posts.post_name = 'navigation' AND wp_posts.ID NOT IN (0) AND wp_posts.post_type IN ('post', 'page', 'attachment') AND ((wp_posts.post_status = 'trash'))
					 
					 ORDER BY wp_posts.post_date DESC
					 
[06-Mar-2026 01:26:00 UTC] PHP Warning:  Attempt to read property "ID" on null in /Users/barisakin/source/docdb/wordpress/wordpress/wp-includes/post.php on line 7937
[06-Mar-2026 01:26:00 UTC] PHP Warning:  Attempt to read property "ID" on null in /Users/barisakin/source/docdb/wordpress/wordpress/wp-includes/post.php on line 7938
[06-Mar-2026 01:26:00 UTC] PHP Warning:  Attempt to read property "ID" on null in /Users/barisakin/source/docdb/wordpress/wordpress/wp-includes/post.php on line 7938
[06-Mar-2026 01:26:00 UTC] PHP Warning:  Attempt to read property "ID" on null in /Users/barisakin/source/docdb/wordpress/wordpress/wp-includes/post.php on line 7949
[06-Mar-2026 01:26:00 UTC] PHP Warning:  Attempt to read property "post_type" on null in /Users/barisakin/source/docdb/wordpress/wordpress/wp-includes/post.php on line 7957
[06-Mar-2026 01:26:00 UTC] PHP Warning:  Attempt to read property "post_type" on null in /Users/barisakin/source/docdb/wordpress/wordpress/wp-includes/post.php on line 7957
[06-Mar-2026 01:26:00 UTC] PHP Warning:  Attempt to read property "post_type" on null in /Users/barisakin/source/docdb/wordpress/wordpress/wp-includes/post.php on line 7957
[06-Mar-2026 01:26:00 UTC] PHP Warning:  Attempt to read property "post_type" on null in /Users/barisakin/source/docdb/wordpress/wordpress/wp-includes/post.php on line 7962
[06-Mar-2026 01:26:00 UTC] PHP Warning:  Attempt to read property "post_type" on null in /Users/barisakin/source/docdb/wordpress/wordpress/wp-includes/post.php on line 7963
[06-Mar-2026 01:26:00 UTC] PHP Warning:  Attempt to read property "ID" on null in /Users/barisakin/source/docdb/wordpress/wordpress/wp-includes/post.php on line 7967
[06-Mar-2026 01:26:00 UTC] PHP Warning:  Attempt to read property "post_type" on null in /Users/barisakin/source/docdb/wordpress/wordpress/wp-includes/post.php on line 8229
[06-Mar-2026 01:26:00 UTC] PHP Warning:  Attempt to read property "post_type" on null in /Users/barisakin/source/docdb/wordpress/wordpress/wp-includes/nav-menu.php on line 1139
[06-Mar-2026 01:26:00 UTC] PHP Warning:  Attempt to read property "post_type" on null in /Users/barisakin/source/docdb/wordpress/wordpress/wp-includes/theme.php on line 3656
[06-Mar-2026 01:26:00 UTC] PHP Warning:  Attempt to read property "post_type" on null in /Users/barisakin/source/docdb/wordpress/wordpress/wp-includes/theme.php on line 3882
[06-Mar-2026 01:26:00 UTC] PHP Warning:  Attempt to read property "post_type" on null in /Users/barisakin/source/docdb/wordpress/wordpress/wp-includes/post.php on line 5884
[06-Mar-2026 01:26:00 UTC] PHP Warning:  Attempt to read property "ID" on null in /Users/barisakin/source/docdb/wordpress/wordpress/wp-includes/post.php on line 5884
[06-Mar-2026 01:26:00 UTC] PHP Warning:  Attempt to read property "post_type" on null in /Users/barisakin/source/docdb/wordpress/wordpress/wp-includes/post.php on line 5183
[06-Mar-2026 01:26:00 UTC] OxiDB wpdb error: invalid query: expected field name, got: 1 | Query: SELECT   wp_posts.*
					 FROM wp_posts 
					 WHERE 1=1  AND wp_posts.post_type = 'page' AND ((wp_posts.post_status = 'publish'))
					 
					 ORDER BY wp_posts.menu_order ASC, wp_posts.post_title ASC
					 
[06-Mar-2026 01:26:00 UTC] OxiDB wpdb error: invalid query: expected field name, got: 1 | Query: SELECT   wp_posts.ID
					 FROM wp_posts 
					 WHERE 1=1  AND ( 
  0 = 1
) AND wp_posts.post_type = 'wp_global_styles' AND ((wp_posts.post_status = 'publish'))
					 GROUP BY wp_posts.ID
					 ORDER BY wp_posts.post_date DESC
					 LIMIT 0, 1
[06-Mar-2026 01:26:00 UTC] OxiDB wpdb error: invalid query: expected field name, got: 1 | Query: SELECT   wp_posts.ID
					 FROM wp_posts 
					 WHERE 1=1  AND wp_posts.post_name IN ('footer') AND ( 
  0 = 1
) AND wp_posts.post_type = 'wp_template_part' AND ((wp_posts.post_status = 'publish'))
					 GROUP BY wp_posts.ID
					 ORDER BY wp_posts.post_date DESC
					 LIMIT 0, 1
[06-Mar-2026 01:26:41 UTC] PHP Notice:  Function _get_non_cached_ids was called <strong>incorrectly</strong>. Object ID must be an integer, NULL given. Please see <a href="https://developer.wordpress.org/advanced-administration/debug/debug-wordpress/">Debugging in WordPress</a> for more information. (This message was added in version 6.3.0.) in /Users/barisakin/source/docdb/wordpress/wordpress/wp-includes/functions.php on line 6131
[06-Mar-2026 01:26:41 UTC] PHP Notice:  Function WP_List_Util::pluck was called <strong>incorrectly</strong>. Values for the input array must be either objects or arrays. Please see <a href="https://developer.wordpress.org/advanced-administration/debug/debug-wordpress/">Debugging in WordPress</a> for more information. (This message was added in version 6.2.0.) in /Users/barisakin/source/docdb/wordpress/wordpress/wp-includes/functions.php on line 6131
[06-Mar-2026 01:26:41 UTC] PHP Warning:  Attempt to read property "ID" on null in /Users/barisakin/source/docdb/wordpress/wordpress/wp-includes/post.php on line 7699
[06-Mar-2026 01:26:41 UTC] PHP Deprecated:  Using null as an array offset is deprecated, use an empty string instead in /Users/barisakin/source/docdb/wordpress/wordpress/wp-includes/post.php on line 7699
[06-Mar-2026 01:26:41 UTC] PHP Notice:  Function WP_Object_Cache::add was called <strong>incorrectly</strong>. Cache key must not be an empty string. Please see <a href="https://developer.wordpress.org/advanced-administration/debug/debug-wordpress/">Debugging in WordPress</a> for more information. (This message was added in version 6.1.0.) in /Users/barisakin/source/docdb/wordpress/wordpress/wp-includes/functions.php on line 6131
[06-Mar-2026 01:26:41 UTC] PHP Warning:  Attempt to read property "ID" on null in /Users/barisakin/source/docdb/wordpress/wordpress/wp-includes/post.php on line 7786
[06-Mar-2026 01:26:41 UTC] PHP Warning:  Attempt to read property "ID" on null in /Users/barisakin/source/docdb/wordpress/wordpress/wp-includes/post.php on line 7937
[06-Mar-2026 01:26:41 UTC] PHP Warning:  Attempt to read property "ID" on null in /Users/barisakin/source/docdb/wordpress/wordpress/wp-includes/post.php on line 7938
[06-Mar-2026 01:26:41 UTC] PHP Warning:  Attempt to read property "ID" on null in /Users/barisakin/source/docdb/wordpress/wordpress/wp-includes/post.php on line 7938
[06-Mar-2026 01:26:41 UTC] PHP Warning:  Attempt to read property "ID" on null in /Users/barisakin/source/docdb/wordpress/wordpress/wp-includes/post.php on line 7949
[06-Mar-2026 01:26:41 UTC] PHP Warning:  Attempt to read property "post_type" on null in /Users/barisakin/source/docdb/wordpress/wordpress/wp-includes/post.php on line 7957
[06-Mar-2026 01:26:41 UTC] PHP Warning:  Attempt to read property "post_type" on null in /Users/barisakin/source/docdb/wordpress/wordpress/wp-includes/post.php on line 7957
[06-Mar-2026 01:26:41 UTC] PHP Warning:  Attempt to read property "post_type" on null in /Users/barisakin/source/docdb/wordpress/wordpress/wp-includes/post.php on line 7957
[06-Mar-2026 01:26:41 UTC] PHP Warning:  Attempt to read property "post_type" on null in /Users/barisakin/source/docdb/wordpress/wordpress/wp-includes/post.php on line 7962
[06-Mar-2026 01:26:41 UTC] PHP Warning:  Attempt to read property "post_type" on null in /Users/barisakin/source/docdb/wordpress/wordpress/wp-includes/post.php on line 7963
[06-Mar-2026 01:26:41 UTC] PHP Warning:  Attempt to read property "ID" on null in /Users/barisakin/source/docdb/wordpress/wordpress/wp-includes/post.php on line 7967
[06-Mar-2026 01:26:41 UTC] PHP Warning:  Attempt to read property "post_type" on null in /Users/barisakin/source/docdb/wordpress/wordpress/wp-includes/post.php on line 8229
[06-Mar-2026 01:26:41 UTC] PHP Warning:  Attempt to read property "post_type" on null in /Users/barisakin/source/docdb/wordpress/wordpress/wp-includes/nav-menu.php on line 1139
[06-Mar-2026 01:26:41 UTC] PHP Warning:  Attempt to read property "post_type" on null in /Users/barisakin/source/docdb/wordpress/wordpress/wp-includes/theme.php on line 3656
[06-Mar-2026 01:26:41 UTC] PHP Warning:  Attempt to read property "post_type" on null in /Users/barisakin/source/docdb/wordpress/wordpress/wp-includes/theme.php on line 3882
[06-Mar-2026 01:26:41 UTC] PHP Warning:  Attempt to read property "post_type" on null in /Users/barisakin/source/docdb/wordpress/wordpress/wp-includes/post.php on line 5884
[06-Mar-2026 01:26:41 UTC] PHP Warning:  Attempt to read property "ID" on null in /Users/barisakin/source/docdb/wordpress/wordpress/wp-includes/post.php on line 5884
[06-Mar-2026 01:26:41 UTC] PHP Warning:  Attempt to read property "post_type" on null in /Users/barisakin/source/docdb/wordpress/wordpress/wp-includes/post.php on line 5183
[06-Mar-2026 01:26:46 UTC] PHP Notice:  Function _get_non_cached_ids was called <strong>incorrectly</strong>. Object ID must be an integer, NULL given. Please see <a href="https://developer.wordpress.org/advanced-administration/debug/debug-wordpress/">Debugging in WordPress</a> for more information. (This message was added in version 6.3.0.) in /Users/barisakin/source/docdb/wordpress/wordpress/wp-includes/functions.php on line 6131
[06-Mar-2026 01:26:46 UTC] PHP Notice:  Function WP_List_Util::pluck was called <strong>incorrectly</strong>. Values for the input array must be either objects or arrays. Please see <a href="https://developer.wordpress.org/advanced-administration/debug/debug-wordpress/">Debugging in WordPress</a> for more information. (This message was added in version 6.2.0.) in /Users/barisakin/source/docdb/wordpress/wordpress/wp-includes/functions.php on line 6131
[06-Mar-2026 01:26:46 UTC] PHP Warning:  Attempt to read property "ID" on null in /Users/barisakin/source/docdb/wordpress/wordpress/wp-includes/post.php on line 7699
[06-Mar-2026 01:26:46 UTC] PHP Deprecated:  Using null as an array offset is deprecated, use an empty string instead in /Users/barisakin/source/docdb/wordpress/wordpress/wp-includes/post.php on line 7699
[06-Mar-2026 01:26:46 UTC] PHP Notice:  Function WP_Object_Cache::add was called <strong>incorrectly</strong>. Cache key must not be an empty string. Please see <a href="https://developer.wordpress.org/advanced-administration/debug/debug-wordpress/">Debugging in WordPress</a> for more information. (This message was added in version 6.1.0.) in /Users/barisakin/source/docdb/wordpress/wordpress/wp-includes/functions.php on line 6131
[06-Mar-2026 01:26:46 UTC] PHP Warning:  Attempt to read property "ID" on null in /Users/barisakin/source/docdb/wordpress/wordpress/wp-includes/post.php on line 7786
[06-Mar-2026 01:26:46 UTC] PHP Warning:  Attempt to read property "ID" on null in /Users/barisakin/source/docdb/wordpress/wordpress/wp-includes/post.php on line 7937
[06-Mar-2026 01:26:46 UTC] PHP Warning:  Attempt to read property "ID" on null in /Users/barisakin/source/docdb/wordpress/wordpress/wp-includes/post.php on line 7938
[06-Mar-2026 01:26:46 UTC] PHP Warning:  Attempt to read property "ID" on null in /Users/barisakin/source/docdb/wordpress/wordpress/wp-includes/post.php on line 7938
[06-Mar-2026 01:26:46 UTC] PHP Warning:  Attempt to read property "ID" on null in /Users/barisakin/source/docdb/wordpress/wordpress/wp-includes/post.php on line 7949
[06-Mar-2026 01:26:46 UTC] PHP Warning:  Attempt to read property "post_type" on null in /Users/barisakin/source/docdb/wordpress/wordpress/wp-includes/post.php on line 7957
[06-Mar-2026 01:26:46 UTC] PHP Warning:  Attempt to read property "post_type" on null in /Users/barisakin/source/docdb/wordpress/wordpress/wp-includes/post.php on line 7957
[06-Mar-2026 01:26:46 UTC] PHP Warning:  Attempt to read property "post_type" on null in /Users/barisakin/source/docdb/wordpress/wordpress/wp-includes/post.php on line 7957
[06-Mar-2026 01:26:46 UTC] PHP Warning:  Attempt to read property "post_type" on null in /Users/barisakin/source/docdb/wordpress/wordpress/wp-includes/post.php on line 7962
[06-Mar-2026 01:26:46 UTC] PHP Warning:  Attempt to read property "post_type" on null in /Users/barisakin/source/docdb/wordpress/wordpress/wp-includes/post.php on line 7963
[06-Mar-2026 01:26:46 UTC] PHP Warning:  Attempt to read property "ID" on null in /Users/barisakin/source/docdb/wordpress/wordpress/wp-includes/post.php on line 7967
[06-Mar-2026 01:26:46 UTC] PHP Warning:  Attempt to read property "post_type" on null in /Users/barisakin/source/docdb/wordpress/wordpress/wp-includes/post.php on line 8229
[06-Mar-2026 01:26:46 UTC] PHP Warning:  Attempt to read property "post_type" on null in /Users/barisakin/source/docdb/wordpress/wordpress/wp-includes/nav-menu.php on line 1139
[06-Mar-2026 01:26:46 UTC] PHP Warning:  Attempt to read property "post_type" on null in /Users/barisakin/source/docdb/wordpress/wordpress/wp-includes/theme.php on line 3656
[06-Mar-2026 01:26:46 UTC] PHP Warning:  Attempt to read property "post_type" on null in /Users/barisakin/source/docdb/wordpress/wordpress/wp-includes/theme.php on line 3882
[06-Mar-2026 01:26:46 UTC] PHP Warning:  Attempt to read property "post_type" on null in /Users/barisakin/source/docdb/wordpress/wordpress/wp-includes/post.php on line 5884
[06-Mar-2026 01:26:46 UTC] PHP Warning:  Attempt to read property "ID" on null in /Users/barisakin/source/docdb/wordpress/wordpress/wp-includes/post.php on line 5884
[06-Mar-2026 01:26:46 UTC] PHP Warning:  Attempt to read property "post_type" on null in /Users/barisakin/source/docdb/wordpress/wordpress/wp-includes/post.php on line 5183
[06-Mar-2026 01:27:10 UTC] PHP Notice:  Function _get_non_cached_ids was called <strong>incorrectly</strong>. Object ID must be an integer, NULL given. Please see <a href="https://developer.wordpress.org/advanced-administration/debug/debug-wordpress/">Debugging in WordPress</a> for more information. (This message was added in version 6.3.0.) in /Users/barisakin/source/docdb/wordpress/wordpress/wp-includes/functions.php on line 6131
[06-Mar-2026 01:27:10 UTC] PHP Notice:  Function WP_List_Util::pluck was called <strong>incorrectly</strong>. Values for the input array must be either objects or arrays. Please see <a href="https://developer.wordpress.org/advanced-administration/debug/debug-wordpress/">Debugging in WordPress</a> for more information. (This message was added in version 6.2.0.) in /Users/barisakin/source/docdb/wordpress/wordpress/wp-includes/functions.php on line 6131
[06-Mar-2026 01:27:10 UTC] PHP Warning:  Attempt to read property "ID" on null in /Users/barisakin/source/docdb/wordpress/wordpress/wp-includes/post.php on line 7699
[06-Mar-2026 01:27:10 UTC] PHP Deprecated:  Using null as an array offset is deprecated, use an empty string instead in /Users/barisakin/source/docdb/wordpress/wordpress/wp-includes/post.php on line 7699
[06-Mar-2026 01:27:10 UTC] PHP Notice:  Function WP_Object_Cache::add was called <strong>incorrectly</strong>. Cache key must not be an empty string. Please see <a href="https://developer.wordpress.org/advanced-administration/debug/debug-wordpress/">Debugging in WordPress</a> for more information. (This message was added in version 6.1.0.) in /Users/barisakin/source/docdb/wordpress/wordpress/wp-includes/functions.php on line 6131
[06-Mar-2026 01:27:10 UTC] PHP Warning:  Attempt to read property "ID" on null in /Users/barisakin/source/docdb/wordpress/wordpress/wp-includes/post.php on line 7786
[06-Mar-2026 01:27:10 UTC] PHP Warning:  Attempt to read property "post_type" on null in /Users/barisakin/source/docdb/wordpress/wordpress/wp-includes/post.php on line 7800
[06-Mar-2026 01:27:10 UTC] PHP Notice:  Function _get_non_cached_ids was called <strong>incorrectly</strong>. Object ID must be an integer, NULL given. Please see <a href="https://developer.wordpress.org/advanced-administration/debug/debug-wordpress/">Debugging in WordPress</a> for more information. (This message was added in version 6.3.0.) in /Users/barisakin/source/docdb/wordpress/wordpress/wp-includes/functions.php on line 6131
[06-Mar-2026 01:27:10 UTC] PHP Notice:  Function WP_List_Util::pluck was called <strong>incorrectly</strong>. Values for the input array must be either objects or arrays. Please see <a href="https://developer.wordpress.org/advanced-administration/debug/debug-wordpress/">Debugging in WordPress</a> for more information. (This message was added in version 6.2.0.) in /Users/barisakin/source/docdb/wordpress/wordpress/wp-includes/functions.php on line 6131
[06-Mar-2026 01:27:10 UTC] PHP Warning:  Attempt to read property "ID" on null in /Users/barisakin/source/docdb/wordpress/wordpress/wp-includes/post.php on line 7699
[06-Mar-2026 01:27:10 UTC] PHP Deprecated:  Using null as an array offset is deprecated, use an empty string instead in /Users/barisakin/source/docdb/wordpress/wordpress/wp-includes/post.php on line 7699
[06-Mar-2026 01:27:10 UTC] PHP Notice:  Function WP_Object_Cache::add was called <strong>incorrectly</strong>. Cache key must not be an empty string. Please see <a href="https://developer.wordpress.org/advanced-administration/debug/debug-wordpress/">Debugging in WordPress</a> for more information. (This message was added in version 6.1.0.) in /Users/barisakin/source/docdb/wordpress/wordpress/wp-includes/functions.php on line 6131
[06-Mar-2026 01:27:10 UTC] PHP Warning:  Attempt to read property "ID" on null in /Users/barisakin/source/docdb/wordpress/wordpress/wp-includes/post.php on line 7786
[06-Mar-2026 01:27:10 UTC] PHP Warning:  Attempt to read property "ID" on null in /Users/barisakin/source/docdb/wordpress/wordpress/wp-includes/post.php on line 7937
[06-Mar-2026 01:27:10 UTC] PHP Warning:  Attempt to read property "ID" on null in /Users/barisakin/source/docdb/wordpress/wordpress/wp-includes/post.php on line 7938
[06-Mar-2026 01:27:10 UTC] PHP Warning:  Attempt to read property "ID" on null in /Users/barisakin/source/docdb/wordpress/wordpress/wp-includes/post.php on line 7938
[06-Mar-2026 01:27:10 UTC] PHP Warning:  Attempt to read property "ID" on null in /Users/barisakin/source/docdb/wordpress/wordpress/wp-includes/post.php on line 7949
[06-Mar-2026 01:27:10 UTC] PHP Warning:  Attempt to read property "post_type" on null in /Users/barisakin/source/docdb/wordpress/wordpress/wp-includes/post.php on line 7957
[06-Mar-2026 01:27:10 UTC] PHP Warning:  Attempt to read property "post_type" on null in /Users/barisakin/source/docdb/wordpress/wordpress/wp-includes/post.php on line 7957
[06-Mar-2026 01:27:10 UTC] PHP Warning:  Attempt to read property "post_type" on null in /Users/barisakin/source/docdb/wordpress/wordpress/wp-includes/post.php on line 7957
[06-Mar-2026 01:27:10 UTC] PHP Warning:  Attempt to read property "post_type" on null in /Users/barisakin/source/docdb/wordpress/wordpress/wp-includes/post.php on line 7962
[06-Mar-2026 01:27:10 UTC] PHP Warning:  Attempt to read property "post_type" on null in /Users/barisakin/source/docdb/wordpress/wordpress/wp-includes/post.php on line 7963
[06-Mar-2026 01:27:10 UTC] PHP Warning:  Attempt to read property "ID" on null in /Users/barisakin/source/docdb/wordpress/wordpress/wp-includes/post.php on line 7967
[06-Mar-2026 01:27:10 UTC] PHP Warning:  Attempt to read property "post_type" on null in /Users/barisakin/source/docdb/wordpress/wordpress/wp-includes/post.php on line 8229
[06-Mar-2026 01:27:10 UTC] PHP Warning:  Attempt to read property "post_type" on null in /Users/barisakin/source/docdb/wordpress/wordpress/wp-includes/nav-menu.php on line 1139
[06-Mar-2026 01:27:10 UTC] PHP Warning:  Attempt to read property "post_type" on null in /Users/barisakin/source/docdb/wordpress/wordpress/wp-includes/theme.php on line 3656
[06-Mar-2026 01:27:10 UTC] PHP Warning:  Attempt to read property "post_type" on null in /Users/barisakin/source/docdb/wordpress/wordpress/wp-includes/theme.php on line 3882
[06-Mar-2026 01:27:10 UTC] PHP Warning:  Attempt to read property "post_type" on null in /Users/barisakin/source/docdb/wordpress/wordpress/wp-includes/post.php on line 5884
[06-Mar-2026 01:27:10 UTC] PHP Warning:  Attempt to read property "ID" on null in /Users/barisakin/source/docdb/wordpress/wordpress/wp-includes/post.php on line 5884
[06-Mar-2026 01:27:10 UTC] PHP Warning:  Attempt to read property "post_type" on null in /Users/barisakin/source/docdb/wordpress/wordpress/wp-includes/post.php on line 5183
[06-Mar-2026 01:27:10 UTC] PHP Notice:  Function WP_List_Util::pluck was called <strong>incorrectly</strong>. Values for the input array must be either objects or arrays. Please see <a href="https://developer.wordpress.org/advanced-administration/debug/debug-wordpress/">Debugging in WordPress</a> for more information. (This message was added in version 6.2.0.) in /Users/barisakin/source/docdb/wordpress/wordpress/wp-includes/functions.php on line 6131
[06-Mar-2026 01:27:14 UTC] PHP Notice:  Function _get_non_cached_ids was called <strong>incorrectly</strong>. Object ID must be an integer, NULL given. Please see <a href="https://developer.wordpress.org/advanced-administration/debug/debug-wordpress/">Debugging in WordPress</a> for more information. (This message was added in version 6.3.0.) in /Users/barisakin/source/docdb/wordpress/wordpress/wp-includes/functions.php on line 6131
[06-Mar-2026 01:27:14 UTC] PHP Notice:  Function WP_List_Util::pluck was called <strong>incorrectly</strong>. Values for the input array must be either objects or arrays. Please see <a href="https://developer.wordpress.org/advanced-administration/debug/debug-wordpress/">Debugging in WordPress</a> for more information. (This message was added in version 6.2.0.) in /Users/barisakin/source/docdb/wordpress/wordpress/wp-includes/functions.php on line 6131
[06-Mar-2026 01:27:14 UTC] PHP Warning:  Attempt to read property "ID" on null in /Users/barisakin/source/docdb/wordpress/wordpress/wp-includes/post.php on line 7699
[06-Mar-2026 01:27:14 UTC] PHP Deprecated:  Using null as an array offset is deprecated, use an empty string instead in /Users/barisakin/source/docdb/wordpress/wordpress/wp-includes/post.php on line 7699
[06-Mar-2026 01:27:14 UTC] PHP Notice:  Function WP_Object_Cache::add was called <strong>incorrectly</strong>. Cache key must not be an empty string. Please see <a href="https://developer.wordpress.org/advanced-administration/debug/debug-wordpress/">Debugging in WordPress</a> for more information. (This message was added in version 6.1.0.) in /Users/barisakin/source/docdb/wordpress/wordpress/wp-includes/functions.php on line 6131
[06-Mar-2026 01:27:14 UTC] PHP Warning:  Attempt to read property "ID" on null in /Users/barisakin/source/docdb/wordpress/wordpress/wp-includes/post.php on line 7786
[06-Mar-2026 01:27:14 UTC] PHP Warning:  Attempt to read property "post_type" on null in /Users/barisakin/source/docdb/wordpress/wordpress/wp-includes/post.php on line 7800
[06-Mar-2026 01:27:14 UTC] PHP Notice:  Function _get_non_cached_ids was called <strong>incorrectly</strong>. Object ID must be an integer, NULL given. Please see <a href="https://developer.wordpress.org/advanced-administration/debug/debug-wordpress/">Debugging in WordPress</a> for more information. (This message was added in version 6.3.0.) in /Users/barisakin/source/docdb/wordpress/wordpress/wp-includes/functions.php on line 6131
[06-Mar-2026 01:27:14 UTC] PHP Notice:  Function WP_List_Util::pluck was called <strong>incorrectly</strong>. Values for the input array must be either objects or arrays. Please see <a href="https://developer.wordpress.org/advanced-administration/debug/debug-wordpress/">Debugging in WordPress</a> for more information. (This message was added in version 6.2.0.) in /Users/barisakin/source/docdb/wordpress/wordpress/wp-includes/functions.php on line 6131
[06-Mar-2026 01:27:14 UTC] PHP Warning:  Attempt to read property "ID" on null in /Users/barisakin/source/docdb/wordpress/wordpress/wp-includes/post.php on line 7699
[06-Mar-2026 01:27:14 UTC] PHP Deprecated:  Using null as an array offset is deprecated, use an empty string instead in /Users/barisakin/source/docdb/wordpress/wordpress/wp-includes/post.php on line 7699
[06-Mar-2026 01:27:14 UTC] PHP Notice:  Function WP_Object_Cache::add was called <strong>incorrectly</strong>. Cache key must not be an empty string. Please see <a href="https://developer.wordpress.org/advanced-administration/debug/debug-wordpress/">Debugging in WordPress</a> for more information. (This message was added in version 6.1.0.) in /Users/barisakin/source/docdb/wordpress/wordpress/wp-includes/functions.php on line 6131
[06-Mar-2026 01:27:14 UTC] PHP Warning:  Attempt to read property "ID" on null in /Users/barisakin/source/docdb/wordpress/wordpress/wp-includes/post.php on line 7786
[06-Mar-2026 01:27:14 UTC] PHP Warning:  Attempt to read property "ID" on null in /Users/barisakin/source/docdb/wordpress/wordpress/wp-includes/post.php on line 7937
[06-Mar-2026 01:27:14 UTC] PHP Warning:  Attempt to read property "ID" on null in /Users/barisakin/source/docdb/wordpress/wordpress/wp-includes/post.php on line 7938
[06-Mar-2026 01:27:14 UTC] PHP Warning:  Attempt to read property "ID" on null in /Users/barisakin/source/docdb/wordpress/wordpress/wp-includes/post.php on line 7938
[06-Mar-2026 01:27:14 UTC] PHP Warning:  Attempt to read property "ID" on null in /Users/barisakin/source/docdb/wordpress/wordpress/wp-includes/post.php on line 7949
[06-Mar-2026 01:27:14 UTC] PHP Warning:  Attempt to read property "post_type" on null in /Users/barisakin/source/docdb/wordpress/wordpress/wp-includes/post.php on line 7957
[06-Mar-2026 01:27:14 UTC] PHP Warning:  Attempt to read property "post_type" on null in /Users/barisakin/source/docdb/wordpress/wordpress/wp-includes/post.php on line 7957
[06-Mar-2026 01:27:14 UTC] PHP Warning:  Attempt to read property "post_type" on null in /Users/barisakin/source/docdb/wordpress/wordpress/wp-includes/post.php on line 7957
[06-Mar-2026 01:27:14 UTC] PHP Warning:  Attempt to read property "post_type" on null in /Users/barisakin/source/docdb/wordpress/wordpress/wp-includes/post.php on line 7962
[06-Mar-2026 01:27:14 UTC] PHP Warning:  Attempt to read property "post_type" on null in /Users/barisakin/source/docdb/wordpress/wordpress/wp-includes/post.php on line 7963
[06-Mar-2026 01:27:14 UTC] PHP Warning:  Attempt to read property "ID" on null in /Users/barisakin/source/docdb/wordpress/wordpress/wp-includes/post.php on line 7967
[06-Mar-2026 01:27:14 UTC] PHP Warning:  Attempt to read property "post_type" on null in /Users/barisakin/source/docdb/wordpress/wordpress/wp-includes/post.php on line 8229
[06-Mar-2026 01:27:14 UTC] PHP Warning:  Attempt to read property "post_type" on null in /Users/barisakin/source/docdb/wordpress/wordpress/wp-includes/nav-menu.php on line 1139
[06-Mar-2026 01:27:14 UTC] PHP Warning:  Attempt to read property "post_type" on null in /Users/barisakin/source/docdb/wordpress/wordpress/wp-includes/theme.php on line 3656
[06-Mar-2026 01:27:14 UTC] PHP Warning:  Attempt to read property "post_type" on null in /Users/barisakin/source/docdb/wordpress/wordpress/wp-includes/theme.php on line 3882
[06-Mar-2026 01:27:14 UTC] PHP Warning:  Attempt to read property "post_type" on null in /Users/barisakin/source/docdb/wordpress/wordpress/wp-includes/post.php on line 5884
[06-Mar-2026 01:27:14 UTC] PHP Warning:  Attempt to read property "ID" on null in /Users/barisakin/source/docdb/wordpress/wordpress/wp-includes/post.php on line 5884
[06-Mar-2026 01:27:14 UTC] PHP Warning:  Attempt to read property "post_type" on null in /Users/barisakin/source/docdb/wordpress/wordpress/wp-includes/post.php on line 5183
[06-Mar-2026 01:27:14 UTC] PHP Notice:  Function WP_List_Util::pluck was called <strong>incorrectly</strong>. Values for the input array must be either objects or arrays. Please see <a href="https://developer.wordpress.org/advanced-administration/debug/debug-wordpress/">Debugging in WordPress</a> for more information. (This message was added in version 6.2.0.) in /Users/barisakin/source/docdb/wordpress/wordpress/wp-includes/functions.php on line 6131
[06-Mar-2026 01:27:20 UTC] PHP Notice:  Function _get_non_cached_ids was called <strong>incorrectly</strong>. Object ID must be an integer, NULL given. Please see <a href="https://developer.wordpress.org/advanced-administration/debug/debug-wordpress/">Debugging in WordPress</a> for more information. (This message was added in version 6.3.0.) in /Users/barisakin/source/docdb/wordpress/wordpress/wp-includes/functions.php on line 6131
[06-Mar-2026 01:27:20 UTC] PHP Notice:  Function WP_List_Util::pluck was called <strong>incorrectly</strong>. Values for the input array must be either objects or arrays. Please see <a href="https://developer.wordpress.org/advanced-administration/debug/debug-wordpress/">Debugging in WordPress</a> for more information. (This message was added in version 6.2.0.) in /Users/barisakin/source/docdb/wordpress/wordpress/wp-includes/functions.php on line 6131
[06-Mar-2026 01:27:20 UTC] PHP Warning:  Attempt to read property "ID" on null in /Users/barisakin/source/docdb/wordpress/wordpress/wp-includes/post.php on line 7699
[06-Mar-2026 01:27:20 UTC] PHP Deprecated:  Using null as an array offset is deprecated, use an empty string instead in /Users/barisakin/source/docdb/wordpress/wordpress/wp-includes/post.php on line 7699
[06-Mar-2026 01:27:20 UTC] PHP Notice:  Function WP_Object_Cache::add was called <strong>incorrectly</strong>. Cache key must not be an empty string. Please see <a href="https://developer.wordpress.org/advanced-administration/debug/debug-wordpress/">Debugging in WordPress</a> for more information. (This message was added in version 6.1.0.) in /Users/barisakin/source/docdb/wordpress/wordpress/wp-includes/functions.php on line 6131
[06-Mar-2026 01:27:20 UTC] PHP Warning:  Attempt to read property "ID" on null in /Users/barisakin/source/docdb/wordpress/wordpress/wp-includes/post.php on line 7786
[06-Mar-2026 01:27:20 UTC] PHP Warning:  Attempt to read property "post_type" on null in /Users/barisakin/source/docdb/wordpress/wordpress/wp-includes/post.php on line 7800
[06-Mar-2026 01:27:20 UTC] PHP Notice:  Function _get_non_cached_ids was called <strong>incorrectly</strong>. Object ID must be an integer, NULL given. Please see <a href="https://developer.wordpress.org/advanced-administration/debug/debug-wordpress/">Debugging in WordPress</a> for more information. (This message was added in version 6.3.0.) in /Users/barisakin/source/docdb/wordpress/wordpress/wp-includes/functions.php on line 6131
[06-Mar-2026 01:27:20 UTC] PHP Notice:  Function WP_List_Util::pluck was called <strong>incorrectly</strong>. Values for the input array must be either objects or arrays. Please see <a href="https://developer.wordpress.org/advanced-administration/debug/debug-wordpress/">Debugging in WordPress</a> for more information. (This message was added in version 6.2.0.) in /Users/barisakin/source/docdb/wordpress/wordpress/wp-includes/functions.php on line 6131
[06-Mar-2026 01:27:20 UTC] PHP Warning:  Attempt to read property "ID" on null in /Users/barisakin/source/docdb/wordpress/wordpress/wp-includes/post.php on line 7699
[06-Mar-2026 01:27:20 UTC] PHP Deprecated:  Using null as an array offset is deprecated, use an empty string instead in /Users/barisakin/source/docdb/wordpress/wordpress/wp-includes/post.php on line 7699
[06-Mar-2026 01:27:20 UTC] PHP Notice:  Function WP_Object_Cache::add was called <strong>incorrectly</strong>. Cache key must not be an empty string. Please see <a href="https://developer.wordpress.org/advanced-administration/debug/debug-wordpress/">Debugging in WordPress</a> for more information. (This message was added in version 6.1.0.) in /Users/barisakin/source/docdb/wordpress/wordpress/wp-includes/functions.php on line 6131
[06-Mar-2026 01:27:20 UTC] PHP Warning:  Attempt to read property "ID" on null in /Users/barisakin/source/docdb/wordpress/wordpress/wp-includes/post.php on line 7786
[06-Mar-2026 01:27:20 UTC] PHP Warning:  Attempt to read property "ID" on null in /Users/barisakin/source/docdb/wordpress/wordpress/wp-includes/post.php on line 7937
[06-Mar-2026 01:27:20 UTC] PHP Warning:  Attempt to read property "ID" on null in /Users/barisakin/source/docdb/wordpress/wordpress/wp-includes/post.php on line 7938
[06-Mar-2026 01:27:20 UTC] PHP Warning:  Attempt to read property "ID" on null in /Users/barisakin/source/docdb/wordpress/wordpress/wp-includes/post.php on line 7938
[06-Mar-2026 01:27:20 UTC] PHP Warning:  Attempt to read property "ID" on null in /Users/barisakin/source/docdb/wordpress/wordpress/wp-includes/post.php on line 7949
[06-Mar-2026 01:27:20 UTC] PHP Warning:  Attempt to read property "post_type" on null in /Users/barisakin/source/docdb/wordpress/wordpress/wp-includes/post.php on line 7957
[06-Mar-2026 01:27:20 UTC] PHP Warning:  Attempt to read property "post_type" on null in /Users/barisakin/source/docdb/wordpress/wordpress/wp-includes/post.php on line 7957
[06-Mar-2026 01:27:20 UTC] PHP Warning:  Attempt to read property "post_type" on null in /Users/barisakin/source/docdb/wordpress/wordpress/wp-includes/post.php on line 7957
[06-Mar-2026 01:27:20 UTC] PHP Warning:  Attempt to read property "post_type" on null in /Users/barisakin/source/docdb/wordpress/wordpress/wp-includes/post.php on line 7962
[06-Mar-2026 01:27:20 UTC] PHP Warning:  Attempt to read property "post_type" on null in /Users/barisakin/source/docdb/wordpress/wordpress/wp-includes/post.php on line 7963
[06-Mar-2026 01:27:20 UTC] PHP Warning:  Attempt to read property "ID" on null in /Users/barisakin/source/docdb/wordpress/wordpress/wp-includes/post.php on line 7967
[06-Mar-2026 01:27:20 UTC] PHP Warning:  Attempt to read property "post_type" on null in /Users/barisakin/source/docdb/wordpress/wordpress/wp-includes/post.php on line 8229
[06-Mar-2026 01:27:20 UTC] PHP Warning:  Attempt to read property "post_type" on null in /Users/barisakin/source/docdb/wordpress/wordpress/wp-includes/nav-menu.php on line 1139
[06-Mar-2026 01:27:20 UTC] PHP Warning:  Attempt to read property "post_type" on null in /Users/barisakin/source/docdb/wordpress/wordpress/wp-includes/theme.php on line 3656
[06-Mar-2026 01:27:20 UTC] PHP Warning:  Attempt to read property "post_type" on null in /Users/barisakin/source/docdb/wordpress/wordpress/wp-includes/theme.php on line 3882
[06-Mar-2026 01:27:20 UTC] PHP Warning:  Attempt to read property "post_type" on null in /Users/barisakin/source/docdb/wordpress/wordpress/wp-includes/post.php on line 5884
[06-Mar-2026 01:27:20 UTC] PHP Warning:  Attempt to read property "ID" on null in /Users/barisakin/source/docdb/wordpress/wordpress/wp-includes/post.php on line 5884
[06-Mar-2026 01:27:20 UTC] PHP Warning:  Attempt to read property "post_type" on null in /Users/barisakin/source/docdb/wordpress/wordpress/wp-includes/post.php on line 5183
[06-Mar-2026 01:27:20 UTC] PHP Notice:  Function WP_List_Util::pluck was called <strong>incorrectly</strong>. Values for the input array must be either objects or arrays. Please see <a href="https://developer.wordpress.org/advanced-administration/debug/debug-wordpress/">Debugging in WordPress</a> for more information. (This message was added in version 6.2.0.) in /Users/barisakin/source/docdb/wordpress/wordpress/wp-includes/functions.php on line 6131
[06-Mar-2026 01:27:25 UTC] PHP Notice:  Function _get_non_cached_ids was called <strong>incorrectly</strong>. Object ID must be an integer, NULL given. Please see <a href="https://developer.wordpress.org/advanced-administration/debug/debug-wordpress/">Debugging in WordPress</a> for more information. (This message was added in version 6.3.0.) in /Users/barisakin/source/docdb/wordpress/wordpress/wp-includes/functions.php on line 6131
[06-Mar-2026 01:27:25 UTC] PHP Notice:  Function WP_List_Util::pluck was called <strong>incorrectly</strong>. Values for the input array must be either objects or arrays. Please see <a href="https://developer.wordpress.org/advanced-administration/debug/debug-wordpress/">Debugging in WordPress</a> for more information. (This message was added in version 6.2.0.) in /Users/barisakin/source/docdb/wordpress/wordpress/wp-includes/functions.php on line 6131
[06-Mar-2026 01:27:25 UTC] PHP Warning:  Attempt to read property "ID" on null in /Users/barisakin/source/docdb/wordpress/wordpress/wp-includes/post.php on line 7699
[06-Mar-2026 01:27:25 UTC] PHP Deprecated:  Using null as an array offset is deprecated, use an empty string instead in /Users/barisakin/source/docdb/wordpress/wordpress/wp-includes/post.php on line 7699
[06-Mar-2026 01:27:25 UTC] PHP Notice:  Function WP_Object_Cache::add was called <strong>incorrectly</strong>. Cache key must not be an empty string. Please see <a href="https://developer.wordpress.org/advanced-administration/debug/debug-wordpress/">Debugging in WordPress</a> for more information. (This message was added in version 6.1.0.) in /Users/barisakin/source/docdb/wordpress/wordpress/wp-includes/functions.php on line 6131
[06-Mar-2026 01:27:25 UTC] PHP Warning:  Attempt to read property "ID" on null in /Users/barisakin/source/docdb/wordpress/wordpress/wp-includes/post.php on line 7786
[06-Mar-2026 01:27:25 UTC] PHP Warning:  Attempt to read property "post_type" on null in /Users/barisakin/source/docdb/wordpress/wordpress/wp-includes/post.php on line 7800
[06-Mar-2026 01:27:25 UTC] PHP Notice:  Function _get_non_cached_ids was called <strong>incorrectly</strong>. Object ID must be an integer, NULL given. Please see <a href="https://developer.wordpress.org/advanced-administration/debug/debug-wordpress/">Debugging in WordPress</a> for more information. (This message was added in version 6.3.0.) in /Users/barisakin/source/docdb/wordpress/wordpress/wp-includes/functions.php on line 6131
[06-Mar-2026 01:27:25 UTC] PHP Notice:  Function WP_List_Util::pluck was called <strong>incorrectly</strong>. Values for the input array must be either objects or arrays. Please see <a href="https://developer.wordpress.org/advanced-administration/debug/debug-wordpress/">Debugging in WordPress</a> for more information. (This message was added in version 6.2.0.) in /Users/barisakin/source/docdb/wordpress/wordpress/wp-includes/functions.php on line 6131
[06-Mar-2026 01:27:25 UTC] PHP Warning:  Attempt to read property "ID" on null in /Users/barisakin/source/docdb/wordpress/wordpress/wp-includes/post.php on line 7699
[06-Mar-2026 01:27:25 UTC] PHP Deprecated:  Using null as an array offset is deprecated, use an empty string instead in /Users/barisakin/source/docdb/wordpress/wordpress/wp-includes/post.php on line 7699
[06-Mar-2026 01:27:25 UTC] PHP Notice:  Function WP_Object_Cache::add was called <strong>incorrectly</strong>. Cache key must not be an empty string. Please see <a href="https://developer.wordpress.org/advanced-administration/debug/debug-wordpress/">Debugging in WordPress</a> for more information. (This message was added in version 6.1.0.) in /Users/barisakin/source/docdb/wordpress/wordpress/wp-includes/functions.php on line 6131
[06-Mar-2026 01:27:25 UTC] PHP Warning:  Attempt to read property "ID" on null in /Users/barisakin/source/docdb/wordpress/wordpress/wp-includes/post.php on line 7786
[06-Mar-2026 01:27:25 UTC] PHP Warning:  Attempt to read property "ID" on null in /Users/barisakin/source/docdb/wordpress/wordpress/wp-includes/post.php on line 7937
[06-Mar-2026 01:27:25 UTC] PHP Warning:  Attempt to read property "ID" on null in /Users/barisakin/source/docdb/wordpress/wordpress/wp-includes/post.php on line 7938
[06-Mar-2026 01:27:25 UTC] PHP Warning:  Attempt to read property "ID" on null in /Users/barisakin/source/docdb/wordpress/wordpress/wp-includes/post.php on line 7938
[06-Mar-2026 01:27:25 UTC] PHP Warning:  Attempt to read property "ID" on null in /Users/barisakin/source/docdb/wordpress/wordpress/wp-includes/post.php on line 7949
[06-Mar-2026 01:27:25 UTC] PHP Warning:  Attempt to read property "post_type" on null in /Users/barisakin/source/docdb/wordpress/wordpress/wp-includes/post.php on line 7957
[06-Mar-2026 01:27:25 UTC] PHP Warning:  Attempt to read property "post_type" on null in /Users/barisakin/source/docdb/wordpress/wordpress/wp-includes/post.php on line 7957
[06-Mar-2026 01:27:25 UTC] PHP Warning:  Attempt to read property "post_type" on null in /Users/barisakin/source/docdb/wordpress/wordpress/wp-includes/post.php on line 7957
[06-Mar-2026 01:27:25 UTC] PHP Warning:  Attempt to read property "post_type" on null in /Users/barisakin/source/docdb/wordpress/wordpress/wp-includes/post.php on line 7962
[06-Mar-2026 01:27:25 UTC] PHP Warning:  Attempt to read property "post_type" on null in /Users/barisakin/source/docdb/wordpress/wordpress/wp-includes/post.php on line 7963
[06-Mar-2026 01:27:25 UTC] PHP Warning:  Attempt to read property "ID" on null in /Users/barisakin/source/docdb/wordpress/wordpress/wp-includes/post.php on line 7967
[06-Mar-2026 01:27:25 UTC] PHP Warning:  Attempt to read property "post_type" on null in /Users/barisakin/source/docdb/wordpress/wordpress/wp-includes/post.php on line 8229
[06-Mar-2026 01:27:25 UTC] PHP Warning:  Attempt to read property "post_type" on null in /Users/barisakin/source/docdb/wordpress/wordpress/wp-includes/nav-menu.php on line 1139
[06-Mar-2026 01:27:25 UTC] PHP Warning:  Attempt to read property "post_type" on null in /Users/barisakin/source/docdb/wordpress/wordpress/wp-includes/theme.php on line 3656
[06-Mar-2026 01:27:25 UTC] PHP Warning:  Attempt to read property "post_type" on null in /Users/barisakin/source/docdb/wordpress/wordpress/wp-includes/theme.php on line 3882
[06-Mar-2026 01:27:25 UTC] PHP Warning:  Attempt to read property "post_type" on null in /Users/barisakin/source/docdb/wordpress/wordpress/wp-includes/post.php on line 5884
[06-Mar-2026 01:27:25 UTC] PHP Warning:  Attempt to read property "ID" on null in /Users/barisakin/source/docdb/wordpress/wordpress/wp-includes/post.php on line 5884
[06-Mar-2026 01:27:25 UTC] PHP Warning:  Attempt to read property "post_type" on null in /Users/barisakin/source/docdb/wordpress/wordpress/wp-includes/post.php on line 5183
[06-Mar-2026 01:27:25 UTC] PHP Notice:  Function WP_List_Util::pluck was called <strong>incorrectly</strong>. Values for the input array must be either objects or arrays. Please see <a href="https://developer.wordpress.org/advanced-administration/debug/debug-wordpress/">Debugging in WordPress</a> for more information. (This message was added in version 6.2.0.) in /Users/barisakin/source/docdb/wordpress/wordpress/wp-includes/functions.php on line 6131
[06-Mar-2026 01:27:32 UTC] PHP Notice:  Function _get_non_cached_ids was called <strong>incorrectly</strong>. Object ID must be an integer, NULL given. Please see <a href="https://developer.wordpress.org/advanced-administration/debug/debug-wordpress/">Debugging in WordPress</a> for more information. (This message was added in version 6.3.0.) in /Users/barisakin/source/docdb/wordpress/wordpress/wp-includes/functions.php on line 6131
[06-Mar-2026 01:27:32 UTC] PHP Notice:  Function WP_List_Util::pluck was called <strong>incorrectly</strong>. Values for the input array must be either objects or arrays. Please see <a href="https://developer.wordpress.org/advanced-administration/debug/debug-wordpress/">Debugging in WordPress</a> for more information. (This message was added in version 6.2.0.) in /Users/barisakin/source/docdb/wordpress/wordpress/wp-includes/functions.php on line 6131
[06-Mar-2026 01:27:32 UTC] PHP Warning:  Attempt to read property "ID" on null in /Users/barisakin/source/docdb/wordpress/wordpress/wp-includes/post.php on line 7699
[06-Mar-2026 01:27:32 UTC] PHP Deprecated:  Using null as an array offset is deprecated, use an empty string instead in /Users/barisakin/source/docdb/wordpress/wordpress/wp-includes/post.php on line 7699
[06-Mar-2026 01:27:32 UTC] PHP Notice:  Function WP_Object_Cache::add was called <strong>incorrectly</strong>. Cache key must not be an empty string. Please see <a href="https://developer.wordpress.org/advanced-administration/debug/debug-wordpress/">Debugging in WordPress</a> for more information. (This message was added in version 6.1.0.) in /Users/barisakin/source/docdb/wordpress/wordpress/wp-includes/functions.php on line 6131
[06-Mar-2026 01:27:32 UTC] PHP Warning:  Attempt to read property "ID" on null in /Users/barisakin/source/docdb/wordpress/wordpress/wp-includes/post.php on line 7786
[06-Mar-2026 01:27:32 UTC] PHP Warning:  Attempt to read property "post_type" on null in /Users/barisakin/source/docdb/wordpress/wordpress/wp-includes/post.php on line 7800
[06-Mar-2026 01:27:32 UTC] PHP Notice:  Function _get_non_cached_ids was called <strong>incorrectly</strong>. Object ID must be an integer, NULL given. Please see <a href="https://developer.wordpress.org/advanced-administration/debug/debug-wordpress/">Debugging in WordPress</a> for more information. (This message was added in version 6.3.0.) in /Users/barisakin/source/docdb/wordpress/wordpress/wp-includes/functions.php on line 6131
[06-Mar-2026 01:27:32 UTC] PHP Notice:  Function WP_List_Util::pluck was called <strong>incorrectly</strong>. Values for the input array must be either objects or arrays. Please see <a href="https://developer.wordpress.org/advanced-administration/debug/debug-wordpress/">Debugging in WordPress</a> for more information. (This message was added in version 6.2.0.) in /Users/barisakin/source/docdb/wordpress/wordpress/wp-includes/functions.php on line 6131
[06-Mar-2026 01:27:32 UTC] PHP Warning:  Attempt to read property "ID" on null in /Users/barisakin/source/docdb/wordpress/wordpress/wp-includes/post.php on line 7699
[06-Mar-2026 01:27:32 UTC] PHP Deprecated:  Using null as an array offset is deprecated, use an empty string instead in /Users/barisakin/source/docdb/wordpress/wordpress/wp-includes/post.php on line 7699
[06-Mar-2026 01:27:32 UTC] PHP Notice:  Function WP_Object_Cache::add was called <strong>incorrectly</strong>. Cache key must not be an empty string. Please see <a href="https://developer.wordpress.org/advanced-administration/debug/debug-wordpress/">Debugging in WordPress</a> for more information. (This message was added in version 6.1.0.) in /Users/barisakin/source/docdb/wordpress/wordpress/wp-includes/functions.php on line 6131
[06-Mar-2026 01:27:32 UTC] PHP Warning:  Attempt to read property "ID" on null in /Users/barisakin/source/docdb/wordpress/wordpress/wp-includes/post.php on line 7786
[06-Mar-2026 01:27:32 UTC] PHP Warning:  Attempt to read property "ID" on null in /Users/barisakin/source/docdb/wordpress/wordpress/wp-includes/post.php on line 7937
[06-Mar-2026 01:27:32 UTC] PHP Warning:  Attempt to read property "ID" on null in /Users/barisakin/source/docdb/wordpress/wordpress/wp-includes/post.php on line 7938
[06-Mar-2026 01:27:32 UTC] PHP Warning:  Attempt to read property "ID" on null in /Users/barisakin/source/docdb/wordpress/wordpress/wp-includes/post.php on line 7938
[06-Mar-2026 01:27:32 UTC] PHP Warning:  Attempt to read property "ID" on null in /Users/barisakin/source/docdb/wordpress/wordpress/wp-includes/post.php on line 7949
[06-Mar-2026 01:27:32 UTC] PHP Warning:  Attempt to read property "post_type" on null in /Users/barisakin/source/docdb/wordpress/wordpress/wp-includes/post.php on line 7957
[06-Mar-2026 01:27:32 UTC] PHP Warning:  Attempt to read property "post_type" on null in /Users/barisakin/source/docdb/wordpress/wordpress/wp-includes/post.php on line 7957
[06-Mar-2026 01:27:32 UTC] PHP Warning:  Attempt to read property "post_type" on null in /Users/barisakin/source/docdb/wordpress/wordpress/wp-includes/post.php on line 7957
[06-Mar-2026 01:27:32 UTC] PHP Warning:  Attempt to read property "post_type" on null in /Users/barisakin/source/docdb/wordpress/wordpress/wp-includes/post.php on line 7962
[06-Mar-2026 01:27:32 UTC] PHP Warning:  Attempt to read property "post_type" on null in /Users/barisakin/source/docdb/wordpress/wordpress/wp-includes/post.php on line 7963
[06-Mar-2026 01:27:32 UTC] PHP Warning:  Attempt to read property "ID" on null in /Users/barisakin/source/docdb/wordpress/wordpress/wp-includes/post.php on line 7967
[06-Mar-2026 01:27:32 UTC] PHP Warning:  Attempt to read property "post_type" on null in /Users/barisakin/source/docdb/wordpress/wordpress/wp-includes/post.php on line 8229
[06-Mar-2026 01:27:32 UTC] PHP Warning:  Attempt to read property "post_type" on null in /Users/barisakin/source/docdb/wordpress/wordpress/wp-includes/nav-menu.php on line 1139
[06-Mar-2026 01:27:32 UTC] PHP Warning:  Attempt to read property "post_type" on null in /Users/barisakin/source/docdb/wordpress/wordpress/wp-includes/theme.php on line 3656
[06-Mar-2026 01:27:32 UTC] PHP Warning:  Attempt to read property "post_type" on null in /Users/barisakin/source/docdb/wordpress/wordpress/wp-includes/theme.php on line 3882
[06-Mar-2026 01:27:32 UTC] PHP Warning:  Attempt to read property "post_type" on null in /Users/barisakin/source/docdb/wordpress/wordpress/wp-includes/post.php on line 5884
[06-Mar-2026 01:27:32 UTC] PHP Warning:  Attempt to read property "ID" on null in /Users/barisakin/source/docdb/wordpress/wordpress/wp-includes/post.php on line 5884
[06-Mar-2026 01:27:32 UTC] PHP Warning:  Attempt to read property "post_type" on null in /Users/barisakin/source/docdb/wordpress/wordpress/wp-includes/post.php on line 5183
[06-Mar-2026 01:27:32 UTC] PHP Notice:  Function WP_List_Util::pluck was called <strong>incorrectly</strong>. Values for the input array must be either objects or arrays. Please see <a href="https://developer.wordpress.org/advanced-administration/debug/debug-wordpress/">Debugging in WordPress</a> for more information. (This message was added in version 6.2.0.) in /Users/barisakin/source/docdb/wordpress/wordpress/wp-includes/functions.php on line 6131
[06-Mar-2026 01:27:32 UTC] PHP Notice:  Function _get_non_cached_ids was called <strong>incorrectly</strong>. Object ID must be an integer, NULL given. Please see <a href="https://developer.wordpress.org/advanced-administration/debug/debug-wordpress/">Debugging in WordPress</a> for more information. (This message was added in version 6.3.0.) in /Users/barisakin/source/docdb/wordpress/wordpress/wp-includes/functions.php on line 6131
[06-Mar-2026 01:27:32 UTC] PHP Notice:  Function WP_List_Util::pluck was called <strong>incorrectly</strong>. Values for the input array must be either objects or arrays. Please see <a href="https://developer.wordpress.org/advanced-administration/debug/debug-wordpress/">Debugging in WordPress</a> for more information. (This message was added in version 6.2.0.) in /Users/barisakin/source/docdb/wordpress/wordpress/wp-includes/functions.php on line 6131
[06-Mar-2026 01:27:32 UTC] PHP Warning:  Attempt to read property "ID" on null in /Users/barisakin/source/docdb/wordpress/wordpress/wp-includes/post.php on line 7699
[06-Mar-2026 01:27:32 UTC] PHP Deprecated:  Using null as an array offset is deprecated, use an empty string instead in /Users/barisakin/source/docdb/wordpress/wordpress/wp-includes/post.php on line 7699
[06-Mar-2026 01:27:32 UTC] PHP Notice:  Function WP_Object_Cache::add was called <strong>incorrectly</strong>. Cache key must not be an empty string. Please see <a href="https://developer.wordpress.org/advanced-administration/debug/debug-wordpress/">Debugging in WordPress</a> for more information. (This message was added in version 6.1.0.) in /Users/barisakin/source/docdb/wordpress/wordpress/wp-includes/functions.php on line 6131
[06-Mar-2026 01:27:32 UTC] PHP Warning:  Attempt to read property "ID" on null in /Users/barisakin/source/docdb/wordpress/wordpress/wp-includes/post.php on line 7786
[06-Mar-2026 01:27:32 UTC] PHP Warning:  Attempt to read property "post_type" on null in /Users/barisakin/source/docdb/wordpress/wordpress/wp-includes/post.php on line 7800
[06-Mar-2026 01:27:32 UTC] PHP Notice:  Function _get_non_cached_ids was called <strong>incorrectly</strong>. Object ID must be an integer, NULL given. Please see <a href="https://developer.wordpress.org/advanced-administration/debug/debug-wordpress/">Debugging in WordPress</a> for more information. (This message was added in version 6.3.0.) in /Users/barisakin/source/docdb/wordpress/wordpress/wp-includes/functions.php on line 6131
[06-Mar-2026 01:27:32 UTC] PHP Notice:  Function WP_List_Util::pluck was called <strong>incorrectly</strong>. Values for the input array must be either objects or arrays. Please see <a href="https://developer.wordpress.org/advanced-administration/debug/debug-wordpress/">Debugging in WordPress</a> for more information. (This message was added in version 6.2.0.) in /Users/barisakin/source/docdb/wordpress/wordpress/wp-includes/functions.php on line 6131
[06-Mar-2026 01:27:32 UTC] PHP Warning:  Attempt to read property "ID" on null in /Users/barisakin/source/docdb/wordpress/wordpress/wp-includes/post.php on line 7699
[06-Mar-2026 01:27:32 UTC] PHP Deprecated:  Using null as an array offset is deprecated, use an empty string instead in /Users/barisakin/source/docdb/wordpress/wordpress/wp-includes/post.php on line 7699
[06-Mar-2026 01:27:32 UTC] PHP Notice:  Function WP_Object_Cache::add was called <strong>incorrectly</strong>. Cache key must not be an empty string. Please see <a href="https://developer.wordpress.org/advanced-administration/debug/debug-wordpress/">Debugging in WordPress</a> for more information. (This message was added in version 6.1.0.) in /Users/barisakin/source/docdb/wordpress/wordpress/wp-includes/functions.php on line 6131
[06-Mar-2026 01:27:32 UTC] PHP Warning:  Attempt to read property "ID" on null in /Users/barisakin/source/docdb/wordpress/wordpress/wp-includes/post.php on line 7786
[06-Mar-2026 01:27:32 UTC] PHP Warning:  Attempt to read property "post_type" on null in /Users/barisakin/source/docdb/wordpress/wordpress/wp-includes/post.php on line 7800
[06-Mar-2026 01:27:32 UTC] PHP Notice:  Function _get_non_cached_ids was called <strong>incorrectly</strong>. Object ID must be an integer, NULL given. Please see <a href="https://developer.wordpress.org/advanced-administration/debug/debug-wordpress/">Debugging in WordPress</a> for more information. (This message was added in version 6.3.0.) in /Users/barisakin/source/docdb/wordpress/wordpress/wp-includes/functions.php on line 6131
[06-Mar-2026 01:27:32 UTC] PHP Notice:  Function WP_List_Util::pluck was called <strong>incorrectly</strong>. Values for the input array must be either objects or arrays. Please see <a href="https://developer.wordpress.org/advanced-administration/debug/debug-wordpress/">Debugging in WordPress</a> for more information. (This message was added in version 6.2.0.) in /Users/barisakin/source/docdb/wordpress/wordpress/wp-includes/functions.php on line 6131
[06-Mar-2026 01:27:32 UTC] PHP Warning:  Attempt to read property "ID" on null in /Users/barisakin/source/docdb/wordpress/wordpress/wp-includes/post.php on line 7699
[06-Mar-2026 01:27:32 UTC] PHP Deprecated:  Using null as an array offset is deprecated, use an empty string instead in /Users/barisakin/source/docdb/wordpress/wordpress/wp-includes/post.php on line 7699
[06-Mar-2026 01:27:32 UTC] PHP Notice:  Function WP_Object_Cache::add was called <strong>incorrectly</strong>. Cache key must not be an empty string. Please see <a href="https://developer.wordpress.org/advanced-administration/debug/debug-wordpress/">Debugging in WordPress</a> for more information. (This message was added in version 6.1.0.) in /Users/barisakin/source/docdb/wordpress/wordpress/wp-includes/functions.php on line 6131
[06-Mar-2026 01:27:32 UTC] PHP Warning:  Attempt to read property "ID" on null in /Users/barisakin/source/docdb/wordpress/wordpress/wp-includes/post.php on line 7786
[06-Mar-2026 01:27:32 UTC] PHP Warning:  Attempt to read property "ID" on null in /Users/barisakin/source/docdb/wordpress/wordpress/wp-includes/post.php on line 7937
[06-Mar-2026 01:27:32 UTC] PHP Warning:  Attempt to read property "ID" on null in /Users/barisakin/source/docdb/wordpress/wordpress/wp-includes/post.php on line 7938
[06-Mar-2026 01:27:32 UTC] PHP Warning:  Attempt to read property "ID" on null in /Users/barisakin/source/docdb/wordpress/wordpress/wp-includes/post.php on line 7938
[06-Mar-2026 01:27:32 UTC] PHP Warning:  Attempt to read property "ID" on null in /Users/barisakin/source/docdb/wordpress/wordpress/wp-includes/post.php on line 7949
[06-Mar-2026 01:27:32 UTC] PHP Warning:  Attempt to read property "post_type" on null in /Users/barisakin/source/docdb/wordpress/wordpress/wp-includes/post.php on line 7957
[06-Mar-2026 01:27:32 UTC] PHP Warning:  Attempt to read property "post_type" on null in /Users/barisakin/source/docdb/wordpress/wordpress/wp-includes/post.php on line 7957
[06-Mar-2026 01:27:32 UTC] PHP Warning:  Attempt to read property "post_type" on null in /Users/barisakin/source/docdb/wordpress/wordpress/wp-includes/post.php on line 7957
[06-Mar-2026 01:27:32 UTC] PHP Warning:  Attempt to read property "post_type" on null in /Users/barisakin/source/docdb/wordpress/wordpress/wp-includes/post.php on line 7962
[06-Mar-2026 01:27:32 UTC] PHP Warning:  Attempt to read property "post_type" on null in /Users/barisakin/source/docdb/wordpress/wordpress/wp-includes/post.php on line 7963
[06-Mar-2026 01:27:32 UTC] PHP Warning:  Attempt to read property "ID" on null in /Users/barisakin/source/docdb/wordpress/wordpress/wp-includes/post.php on line 7967
[06-Mar-2026 01:27:32 UTC] PHP Warning:  Attempt to read property "post_type" on null in /Users/barisakin/source/docdb/wordpress/wordpress/wp-includes/post.php on line 8229
[06-Mar-2026 01:27:32 UTC] PHP Warning:  Attempt to read property "post_type" on null in /Users/barisakin/source/docdb/wordpress/wordpress/wp-includes/nav-menu.php on line 1139
[06-Mar-2026 01:27:32 UTC] PHP Warning:  Attempt to read property "post_type" on null in /Users/barisakin/source/docdb/wordpress/wordpress/wp-includes/theme.php on line 3656
[06-Mar-2026 01:27:32 UTC] PHP Warning:  Attempt to read property "post_type" on null in /Users/barisakin/source/docdb/wordpress/wordpress/wp-includes/theme.php on line 3882
[06-Mar-2026 01:27:32 UTC] PHP Warning:  Attempt to read property "post_type" on null in /Users/barisakin/source/docdb/wordpress/wordpress/wp-includes/post.php on line 5884
[06-Mar-2026 01:27:32 UTC] PHP Warning:  Attempt to read property "ID" on null in /Users/barisakin/source/docdb/wordpress/wordpress/wp-includes/post.php on line 5884
[06-Mar-2026 01:27:32 UTC] PHP Warning:  Attempt to read property "post_type" on null in /Users/barisakin/source/docdb/wordpress/wordpress/wp-includes/post.php on line 5183
[06-Mar-2026 01:27:32 UTC] PHP Notice:  Function WP_List_Util::pluck was called <strong>incorrectly</strong>. Values for the input array must be either objects or arrays. Please see <a href="https://developer.wordpress.org/advanced-administration/debug/debug-wordpress/">Debugging in WordPress</a> for more information. (This message was added in version 6.2.0.) in /Users/barisakin/source/docdb/wordpress/wordpress/wp-includes/functions.php on line 6131
[06-Mar-2026 01:29:05 UTC] PHP Notice:  Function _get_non_cached_ids was called <strong>incorrectly</strong>. Object ID must be an integer, NULL given. Please see <a href="https://developer.wordpress.org/advanced-administration/debug/debug-wordpress/">Debugging in WordPress</a> for more information. (This message was added in version 6.3.0.) in /Users/barisakin/source/docdb/wordpress/wordpress/wp-includes/functions.php on line 6131
[06-Mar-2026 01:29:05 UTC] PHP Notice:  Function WP_List_Util::pluck was called <strong>incorrectly</strong>. Values for the input array must be either objects or arrays. Please see <a href="https://developer.wordpress.org/advanced-administration/debug/debug-wordpress/">Debugging in WordPress</a> for more information. (This message was added in version 6.2.0.) in /Users/barisakin/source/docdb/wordpress/wordpress/wp-includes/functions.php on line 6131
[06-Mar-2026 01:29:05 UTC] PHP Warning:  Attempt to read property "ID" on null in /Users/barisakin/source/docdb/wordpress/wordpress/wp-includes/post.php on line 7699
[06-Mar-2026 01:29:05 UTC] PHP Deprecated:  Using null as an array offset is deprecated, use an empty string instead in /Users/barisakin/source/docdb/wordpress/wordpress/wp-includes/post.php on line 7699
[06-Mar-2026 01:29:05 UTC] PHP Notice:  Function WP_Object_Cache::add was called <strong>incorrectly</strong>. Cache key must not be an empty string. Please see <a href="https://developer.wordpress.org/advanced-administration/debug/debug-wordpress/">Debugging in WordPress</a> for more information. (This message was added in version 6.1.0.) in /Users/barisakin/source/docdb/wordpress/wordpress/wp-includes/functions.php on line 6131
[06-Mar-2026 01:29:05 UTC] PHP Warning:  Attempt to read property "ID" on null in /Users/barisakin/source/docdb/wordpress/wordpress/wp-includes/post.php on line 7786
[06-Mar-2026 01:29:05 UTC] PHP Warning:  Attempt to read property "post_type" on null in /Users/barisakin/source/docdb/wordpress/wordpress/wp-includes/post.php on line 7800
[06-Mar-2026 01:29:05 UTC] PHP Notice:  Function _get_non_cached_ids was called <strong>incorrectly</strong>. Object ID must be an integer, NULL given. Please see <a href="https://developer.wordpress.org/advanced-administration/debug/debug-wordpress/">Debugging in WordPress</a> for more information. (This message was added in version 6.3.0.) in /Users/barisakin/source/docdb/wordpress/wordpress/wp-includes/functions.php on line 6131
[06-Mar-2026 01:29:05 UTC] PHP Notice:  Function WP_List_Util::pluck was called <strong>incorrectly</strong>. Values for the input array must be either objects or arrays. Please see <a href="https://developer.wordpress.org/advanced-administration/debug/debug-wordpress/">Debugging in WordPress</a> for more information. (This message was added in version 6.2.0.) in /Users/barisakin/source/docdb/wordpress/wordpress/wp-includes/functions.php on line 6131
[06-Mar-2026 01:29:05 UTC] PHP Warning:  Attempt to read property "ID" on null in /Users/barisakin/source/docdb/wordpress/wordpress/wp-includes/post.php on line 7699
[06-Mar-2026 01:29:05 UTC] PHP Deprecated:  Using null as an array offset is deprecated, use an empty string instead in /Users/barisakin/source/docdb/wordpress/wordpress/wp-includes/post.php on line 7699
[06-Mar-2026 01:29:05 UTC] PHP Notice:  Function WP_Object_Cache::add was called <strong>incorrectly</strong>. Cache key must not be an empty string. Please see <a href="https://developer.wordpress.org/advanced-administration/debug/debug-wordpress/">Debugging in WordPress</a> for more information. (This message was added in version 6.1.0.) in /Users/barisakin/source/docdb/wordpress/wordpress/wp-includes/functions.php on line 6131
[06-Mar-2026 01:29:05 UTC] PHP Warning:  Attempt to read property "ID" on null in /Users/barisakin/source/docdb/wordpress/wordpress/wp-includes/post.php on line 7786
[06-Mar-2026 01:29:05 UTC] PHP Warning:  Attempt to read property "ID" on null in /Users/barisakin/source/docdb/wordpress/wordpress/wp-includes/post.php on line 7937
[06-Mar-2026 01:29:05 UTC] PHP Warning:  Attempt to read property "ID" on null in /Users/barisakin/source/docdb/wordpress/wordpress/wp-includes/post.php on line 7938
[06-Mar-2026 01:29:05 UTC] PHP Warning:  Attempt to read property "ID" on null in /Users/barisakin/source/docdb/wordpress/wordpress/wp-includes/post.php on line 7938
[06-Mar-2026 01:29:05 UTC] PHP Warning:  Attempt to read property "ID" on null in /Users/barisakin/source/docdb/wordpress/wordpress/wp-includes/post.php on line 7949
[06-Mar-2026 01:29:05 UTC] PHP Warning:  Attempt to read property "post_type" on null in /Users/barisakin/source/docdb/wordpress/wordpress/wp-includes/post.php on line 7957
[06-Mar-2026 01:29:05 UTC] PHP Warning:  Attempt to read property "post_type" on null in /Users/barisakin/source/docdb/wordpress/wordpress/wp-includes/post.php on line 7957
[06-Mar-2026 01:29:05 UTC] PHP Warning:  Attempt to read property "post_type" on null in /Users/barisakin/source/docdb/wordpress/wordpress/wp-includes/post.php on line 7957
[06-Mar-2026 01:29:05 UTC] PHP Warning:  Attempt to read property "post_type" on null in /Users/barisakin/source/docdb/wordpress/wordpress/wp-includes/post.php on line 7962
[06-Mar-2026 01:29:05 UTC] PHP Warning:  Attempt to read property "post_type" on null in /Users/barisakin/source/docdb/wordpress/wordpress/wp-includes/post.php on line 7963
[06-Mar-2026 01:29:05 UTC] PHP Warning:  Attempt to read property "ID" on null in /Users/barisakin/source/docdb/wordpress/wordpress/wp-includes/post.php on line 7967
[06-Mar-2026 01:29:05 UTC] PHP Warning:  Attempt to read property "post_type" on null in /Users/barisakin/source/docdb/wordpress/wordpress/wp-includes/post.php on line 8229
[06-Mar-2026 01:29:05 UTC] PHP Warning:  Attempt to read property "post_type" on null in /Users/barisakin/source/docdb/wordpress/wordpress/wp-includes/nav-menu.php on line 1139
[06-Mar-2026 01:29:05 UTC] PHP Warning:  Attempt to read property "post_type" on null in /Users/barisakin/source/docdb/wordpress/wordpress/wp-includes/theme.php on line 3656
[06-Mar-2026 01:29:05 UTC] PHP Warning:  Attempt to read property "post_type" on null in /Users/barisakin/source/docdb/wordpress/wordpress/wp-includes/theme.php on line 3882
[06-Mar-2026 01:29:05 UTC] PHP Warning:  Attempt to read property "post_type" on null in /Users/barisakin/source/docdb/wordpress/wordpress/wp-includes/post.php on line 5884
[06-Mar-2026 01:29:05 UTC] PHP Warning:  Attempt to read property "ID" on null in /Users/barisakin/source/docdb/wordpress/wordpress/wp-includes/post.php on line 5884
[06-Mar-2026 01:29:05 UTC] PHP Warning:  Attempt to read property "post_type" on null in /Users/barisakin/source/docdb/wordpress/wordpress/wp-includes/post.php on line 5183
[06-Mar-2026 01:29:05 UTC] PHP Notice:  Function WP_List_Util::pluck was called <strong>incorrectly</strong>. Values for the input array must be either objects or arrays. Please see <a href="https://developer.wordpress.org/advanced-administration/debug/debug-wordpress/">Debugging in WordPress</a> for more information. (This message was added in version 6.2.0.) in /Users/barisakin/source/docdb/wordpress/wordpress/wp-includes/functions.php on line 6131
[06-Mar-2026 01:46:04 UTC] PHP Fatal error:  Uncaught FFI\Exception: FFI API is restricted by "ffi.enable" configuration directive in /Users/barisakin/source/docdb/php/OxiDbFFI.php:58
Stack trace:
#0 /Users/barisakin/source/docdb/php/OxiDbFFI.php(58): FFI::cdef('\n            ty...', '/Users/barisaki...')
#1 /Users/barisakin/source/docdb/wordpress/wordpress/wp-content/db.php(59): OxiDbFFIClient->__construct('127.0.0.1', 4444)
#2 /Users/barisakin/source/docdb/wordpress/wordpress/wp-content/db.php(51): OxiDB_wpdb->db_connect()
#3 /Users/barisakin/source/docdb/wordpress/wordpress/wp-content/db.php(949): OxiDB_wpdb->__construct('oxidb', '', 'wordpress', '127.0.0.1')
#4 /Users/barisakin/source/docdb/wordpress/wordpress/wp-includes/load.php(712): require_once('/Users/barisaki...')
#5 /Users/barisakin/source/docdb/wordpress/wordpress/wp-settings.php(136): require_wp_db()
#6 /Users/barisakin/source/docdb/wordpress/wordpress/wp-config.php(49): require_once('/Users/barisaki...')
#7 /Users/barisakin/source/docdb/wordpress/wordpress/wp-load.php(50): require_once('/Users/barisaki...')
#8 /Users/barisakin/source/docdb/wordpress/wordpress/wp-admin/install.php(35): require_once('/Users/barisaki...')
#9 {main}
  thrown in /Users/barisakin/source/docdb/php/OxiDbFFI.php on line 58
[06-Mar-2026 01:46:08 UTC] PHP Fatal error:  Uncaught FFI\Exception: FFI API is restricted by "ffi.enable" configuration directive in /Users/barisakin/source/docdb/php/OxiDbFFI.php:58
Stack trace:
#0 /Users/barisakin/source/docdb/php/OxiDbFFI.php(58): FFI::cdef('\n            ty...', '/Users/barisaki...')
#1 /Users/barisakin/source/docdb/wordpress/wordpress/wp-content/db.php(59): OxiDbFFIClient->__construct('127.0.0.1', 4444)
#2 /Users/barisakin/source/docdb/wordpress/wordpress/wp-content/db.php(51): OxiDB_wpdb->db_connect()
#3 /Users/barisakin/source/docdb/wordpress/wordpress/wp-content/db.php(949): OxiDB_wpdb->__construct('oxidb', '', 'wordpress', '127.0.0.1')
#4 /Users/barisakin/source/docdb/wordpress/wordpress/wp-includes/load.php(712): require_once('/Users/barisaki...')
#5 /Users/barisakin/source/docdb/wordpress/wordpress/wp-settings.php(136): require_wp_db()
#6 /Users/barisakin/source/docdb/wordpress/wordpress/wp-config.php(49): require_once('/Users/barisaki...')
#7 /Users/barisakin/source/docdb/wordpress/wordpress/wp-load.php(50): require_once('/Users/barisaki...')
#8 /Users/barisakin/source/docdb/wordpress/wordpress/wp-admin/install.php(35): require_once('/Users/barisaki...')
#9 {main}
  thrown in /Users/barisakin/source/docdb/php/OxiDbFFI.php on line 58
[06-Mar-2026 01:46:11 UTC] PHP Fatal error:  Uncaught FFI\Exception: FFI API is restricted by "ffi.enable" configuration directive in /Users/barisakin/source/docdb/php/OxiDbFFI.php:58
Stack trace:
#0 /Users/barisakin/source/docdb/php/OxiDbFFI.php(58): FFI::cdef('\n            ty...', '/Users/barisaki...')
#1 /Users/barisakin/source/docdb/wordpress/wordpress/wp-content/db.php(59): OxiDbFFIClient->__construct('127.0.0.1', 4444)
#2 /Users/barisakin/source/docdb/wordpress/wordpress/wp-content/db.php(51): OxiDB_wpdb->db_connect()
#3 /Users/barisakin/source/docdb/wordpress/wordpress/wp-content/db.php(949): OxiDB_wpdb->__construct('oxidb', '', 'wordpress', '127.0.0.1')
#4 /Users/barisakin/source/docdb/wordpress/wordpress/wp-includes/load.php(712): require_once('/Users/barisaki...')
#5 /Users/barisakin/source/docdb/wordpress/wordpress/wp-settings.php(136): require_wp_db()
#6 /Users/barisakin/source/docdb/wordpress/wordpress/wp-config.php(49): require_once('/Users/barisaki...')
#7 /Users/barisakin/source/docdb/wordpress/wordpress/wp-load.php(50): require_once('/Users/barisaki...')
#8 /Users/barisakin/source/docdb/wordpress/wordpress/wp-admin/install.php(35): require_once('/Users/barisaki...')
#9 {main}
  thrown in /Users/barisakin/source/docdb/php/OxiDbFFI.php on line 58
[06-Mar-2026 01:46:49 UTC] PHP Warning:  Attempt to read property "ID" on null in /Users/barisakin/source/docdb/wordpress/wordpress/wp-includes/post.php on line 7937
[06-Mar-2026 01:46:49 UTC] PHP Warning:  Attempt to read property "ID" on null in /Users/barisakin/source/docdb/wordpress/wordpress/wp-includes/post.php on line 7938
[06-Mar-2026 01:46:49 UTC] PHP Warning:  Attempt to read property "ID" on null in /Users/barisakin/source/docdb/wordpress/wordpress/wp-includes/post.php on line 7938
[06-Mar-2026 01:46:49 UTC] PHP Warning:  Attempt to read property "ID" on null in /Users/barisakin/source/docdb/wordpress/wordpress/wp-includes/post.php on line 7949
[06-Mar-2026 01:46:49 UTC] PHP Warning:  Attempt to read property "post_type" on null in /Users/barisakin/source/docdb/wordpress/wordpress/wp-includes/post.php on line 7957
[06-Mar-2026 01:46:49 UTC] PHP Warning:  Attempt to read property "post_type" on null in /Users/barisakin/source/docdb/wordpress/wordpress/wp-includes/post.php on line 7957
[06-Mar-2026 01:46:49 UTC] PHP Warning:  Attempt to read property "post_type" on null in /Users/barisakin/source/docdb/wordpress/wordpress/wp-includes/post.php on line 7957
[06-Mar-2026 01:46:49 UTC] PHP Warning:  Attempt to read property "post_type" on null in /Users/barisakin/source/docdb/wordpress/wordpress/wp-includes/post.php on line 7962
[06-Mar-2026 01:46:49 UTC] PHP Warning:  Attempt to read property "post_type" on null in /Users/barisakin/source/docdb/wordpress/wordpress/wp-includes/post.php on line 7963
[06-Mar-2026 01:46:49 UTC] PHP Warning:  Attempt to read property "ID" on null in /Users/barisakin/source/docdb/wordpress/wordpress/wp-includes/post.php on line 7967
[06-Mar-2026 01:46:49 UTC] PHP Warning:  Attempt to read property "post_type" on null in /Users/barisakin/source/docdb/wordpress/wordpress/wp-includes/post.php on line 8229
[06-Mar-2026 01:46:49 UTC] PHP Warning:  Attempt to read property "post_type" on null in /Users/barisakin/source/docdb/wordpress/wordpress/wp-includes/nav-menu.php on line 1139
[06-Mar-2026 01:46:49 UTC] PHP Warning:  Attempt to read property "post_type" on null in /Users/barisakin/source/docdb/wordpress/wordpress/wp-includes/theme.php on line 3656
[06-Mar-2026 01:46:49 UTC] PHP Warning:  Attempt to read property "post_type" on null in /Users/barisakin/source/docdb/wordpress/wordpress/wp-includes/theme.php on line 3882
[06-Mar-2026 01:46:49 UTC] PHP Warning:  Attempt to read property "post_type" on null in /Users/barisakin/source/docdb/wordpress/wordpress/wp-includes/post.php on line 5884
[06-Mar-2026 01:46:49 UTC] PHP Warning:  Attempt to read property "ID" on null in /Users/barisakin/source/docdb/wordpress/wordpress/wp-includes/post.php on line 5884
[06-Mar-2026 01:46:49 UTC] PHP Warning:  Attempt to read property "post_type" on null in /Users/barisakin/source/docdb/wordpress/wordpress/wp-includes/post.php on line 5183
[06-Mar-2026 01:46:50 UTC] PHP Notice:  Function _get_non_cached_ids was called <strong>incorrectly</strong>. Object ID must be an integer, NULL given. Please see <a href="https://developer.wordpress.org/advanced-administration/debug/debug-wordpress/">Debugging in WordPress</a> for more information. (This message was added in version 6.3.0.) in /Users/barisakin/source/docdb/wordpress/wordpress/wp-includes/functions.php on line 6131
[06-Mar-2026 01:46:50 UTC] PHP Notice:  Function WP_List_Util::pluck was called <strong>incorrectly</strong>. Values for the input array must be either objects or arrays. Please see <a href="https://developer.wordpress.org/advanced-administration/debug/debug-wordpress/">Debugging in WordPress</a> for more information. (This message was added in version 6.2.0.) in /Users/barisakin/source/docdb/wordpress/wordpress/wp-includes/functions.php on line 6131
[06-Mar-2026 01:46:50 UTC] PHP Warning:  Attempt to read property "ID" on null in /Users/barisakin/source/docdb/wordpress/wordpress/wp-includes/post.php on line 7699
[06-Mar-2026 01:46:50 UTC] PHP Deprecated:  Using null as an array offset is deprecated, use an empty string instead in /Users/barisakin/source/docdb/wordpress/wordpress/wp-includes/post.php on line 7699
[06-Mar-2026 01:46:50 UTC] PHP Notice:  Function WP_Object_Cache::add was called <strong>incorrectly</strong>. Cache key must not be an empty string. Please see <a href="https://developer.wordpress.org/advanced-administration/debug/debug-wordpress/">Debugging in WordPress</a> for more information. (This message was added in version 6.1.0.) in /Users/barisakin/source/docdb/wordpress/wordpress/wp-includes/functions.php on line 6131
[06-Mar-2026 01:46:50 UTC] PHP Warning:  Attempt to read property "ID" on null in /Users/barisakin/source/docdb/wordpress/wordpress/wp-includes/post.php on line 7786
[06-Mar-2026 01:46:50 UTC] PHP Warning:  Attempt to read property "ID" on null in /Users/barisakin/source/docdb/wordpress/wordpress/wp-includes/post.php on line 7937
[06-Mar-2026 01:46:50 UTC] PHP Warning:  Attempt to read property "ID" on null in /Users/barisakin/source/docdb/wordpress/wordpress/wp-includes/post.php on line 7938
[06-Mar-2026 01:46:50 UTC] PHP Warning:  Attempt to read property "ID" on null in /Users/barisakin/source/docdb/wordpress/wordpress/wp-includes/post.php on line 7938
[06-Mar-2026 01:46:50 UTC] PHP Warning:  Attempt to read property "ID" on null in /Users/barisakin/source/docdb/wordpress/wordpress/wp-includes/post.php on line 7949
[06-Mar-2026 01:46:50 UTC] PHP Warning:  Attempt to read property "post_type" on null in /Users/barisakin/source/docdb/wordpress/wordpress/wp-includes/post.php on line 7957
[06-Mar-2026 01:46:50 UTC] PHP Warning:  Attempt to read property "post_type" on null in /Users/barisakin/source/docdb/wordpress/wordpress/wp-includes/post.php on line 7957
[06-Mar-2026 01:46:50 UTC] PHP Warning:  Attempt to read property "post_type" on null in /Users/barisakin/source/docdb/wordpress/wordpress/wp-includes/post.php on line 7957
[06-Mar-2026 01:46:50 UTC] PHP Warning:  Attempt to read property "post_type" on null in /Users/barisakin/source/docdb/wordpress/wordpress/wp-includes/post.php on line 7962
[06-Mar-2026 01:46:50 UTC] PHP Warning:  Attempt to read property "post_type" on null in /Users/barisakin/source/docdb/wordpress/wordpress/wp-includes/post.php on line 7963
[06-Mar-2026 01:46:50 UTC] PHP Warning:  Attempt to read property "ID" on null in /Users/barisakin/source/docdb/wordpress/wordpress/wp-includes/post.php on line 7967
[06-Mar-2026 01:46:50 UTC] PHP Warning:  Attempt to read property "post_type" on null in /Users/barisakin/source/docdb/wordpress/wordpress/wp-includes/post.php on line 8229
[06-Mar-2026 01:46:50 UTC] PHP Warning:  Attempt to read property "post_type" on null in /Users/barisakin/source/docdb/wordpress/wordpress/wp-includes/nav-menu.php on line 1139
[06-Mar-2026 01:46:50 UTC] PHP Warning:  Attempt to read property "post_type" on null in /Users/barisakin/source/docdb/wordpress/wordpress/wp-includes/theme.php on line 3656
[06-Mar-2026 01:46:50 UTC] PHP Warning:  Attempt to read property "post_type" on null in /Users/barisakin/source/docdb/wordpress/wordpress/wp-includes/theme.php on line 3882
[06-Mar-2026 01:46:50 UTC] PHP Warning:  Attempt to read property "post_type" on null in /Users/barisakin/source/docdb/wordpress/wordpress/wp-includes/post.php on line 5884
[06-Mar-2026 01:46:50 UTC] PHP Warning:  Attempt to read property "ID" on null in /Users/barisakin/source/docdb/wordpress/wordpress/wp-includes/post.php on line 5884
[06-Mar-2026 01:46:50 UTC] PHP Warning:  Attempt to read property "post_type" on null in /Users/barisakin/source/docdb/wordpress/wordpress/wp-includes/post.php on line 5183
[06-Mar-2026 01:46:55 UTC] PHP Notice:  Function _get_non_cached_ids was called <strong>incorrectly</strong>. Object ID must be an integer, NULL given. Please see <a href="https://developer.wordpress.org/advanced-administration/debug/debug-wordpress/">Debugging in WordPress</a> for more information. (This message was added in version 6.3.0.) in /Users/barisakin/source/docdb/wordpress/wordpress/wp-includes/functions.php on line 6131
[06-Mar-2026 01:46:55 UTC] PHP Notice:  Function WP_List_Util::pluck was called <strong>incorrectly</strong>. Values for the input array must be either objects or arrays. Please see <a href="https://developer.wordpress.org/advanced-administration/debug/debug-wordpress/">Debugging in WordPress</a> for more information. (This message was added in version 6.2.0.) in /Users/barisakin/source/docdb/wordpress/wordpress/wp-includes/functions.php on line 6131
[06-Mar-2026 01:46:55 UTC] PHP Warning:  Attempt to read property "ID" on null in /Users/barisakin/source/docdb/wordpress/wordpress/wp-includes/post.php on line 7699
[06-Mar-2026 01:46:55 UTC] PHP Deprecated:  Using null as an array offset is deprecated, use an empty string instead in /Users/barisakin/source/docdb/wordpress/wordpress/wp-includes/post.php on line 7699
[06-Mar-2026 01:46:55 UTC] PHP Notice:  Function WP_Object_Cache::add was called <strong>incorrectly</strong>. Cache key must not be an empty string. Please see <a href="https://developer.wordpress.org/advanced-administration/debug/debug-wordpress/">Debugging in WordPress</a> for more information. (This message was added in version 6.1.0.) in /Users/barisakin/source/docdb/wordpress/wordpress/wp-includes/functions.php on line 6131
[06-Mar-2026 01:46:55 UTC] PHP Warning:  Attempt to read property "ID" on null in /Users/barisakin/source/docdb/wordpress/wordpress/wp-includes/post.php on line 7786
[06-Mar-2026 01:46:55 UTC] PHP Warning:  Attempt to read property "ID" on null in /Users/barisakin/source/docdb/wordpress/wordpress/wp-includes/post.php on line 7937
[06-Mar-2026 01:46:55 UTC] PHP Warning:  Attempt to read property "ID" on null in /Users/barisakin/source/docdb/wordpress/wordpress/wp-includes/post.php on line 7938
[06-Mar-2026 01:46:55 UTC] PHP Warning:  Attempt to read property "ID" on null in /Users/barisakin/source/docdb/wordpress/wordpress/wp-includes/post.php on line 7938
[06-Mar-2026 01:46:55 UTC] PHP Warning:  Attempt to read property "ID" on null in /Users/barisakin/source/docdb/wordpress/wordpress/wp-includes/post.php on line 7949
[06-Mar-2026 01:46:55 UTC] PHP Warning:  Attempt to read property "post_type" on null in /Users/barisakin/source/docdb/wordpress/wordpress/wp-includes/post.php on line 7957
[06-Mar-2026 01:46:55 UTC] PHP Warning:  Attempt to read property "post_type" on null in /Users/barisakin/source/docdb/wordpress/wordpress/wp-includes/post.php on line 7957
[06-Mar-2026 01:46:55 UTC] PHP Warning:  Attempt to read property "post_type" on null in /Users/barisakin/source/docdb/wordpress/wordpress/wp-includes/post.php on line 7957
[06-Mar-2026 01:46:55 UTC] PHP Warning:  Attempt to read property "post_type" on null in /Users/barisakin/source/docdb/wordpress/wordpress/wp-includes/post.php on line 7962
[06-Mar-2026 01:46:55 UTC] PHP Warning:  Attempt to read property "post_type" on null in /Users/barisakin/source/docdb/wordpress/wordpress/wp-includes/post.php on line 7963
[06-Mar-2026 01:46:55 UTC] PHP Warning:  Attempt to read property "ID" on null in /Users/barisakin/source/docdb/wordpress/wordpress/wp-includes/post.php on line 7967
[06-Mar-2026 01:46:55 UTC] PHP Warning:  Attempt to read property "post_type" on null in /Users/barisakin/source/docdb/wordpress/wordpress/wp-includes/post.php on line 8229
[06-Mar-2026 01:46:55 UTC] PHP Warning:  Attempt to read property "post_type" on null in /Users/barisakin/source/docdb/wordpress/wordpress/wp-includes/nav-menu.php on line 1139
[06-Mar-2026 01:46:55 UTC] PHP Warning:  Attempt to read property "post_type" on null in /Users/barisakin/source/docdb/wordpress/wordpress/wp-includes/theme.php on line 3656
[06-Mar-2026 01:46:55 UTC] PHP Warning:  Attempt to read property "post_type" on null in /Users/barisakin/source/docdb/wordpress/wordpress/wp-includes/theme.php on line 3882
[06-Mar-2026 01:46:55 UTC] PHP Warning:  Attempt to read property "post_type" on null in /Users/barisakin/source/docdb/wordpress/wordpress/wp-includes/post.php on line 5884
[06-Mar-2026 01:46:55 UTC] PHP Warning:  Attempt to read property "ID" on null in /Users/barisakin/source/docdb/wordpress/wordpress/wp-includes/post.php on line 5884
[06-Mar-2026 01:46:55 UTC] PHP Warning:  Attempt to read property "post_type" on null in /Users/barisakin/source/docdb/wordpress/wordpress/wp-includes/post.php on line 5183
[06-Mar-2026 01:47:12 UTC] PHP Notice:  Function _get_non_cached_ids was called <strong>incorrectly</strong>. Object ID must be an integer, NULL given. Please see <a href="https://developer.wordpress.org/advanced-administration/debug/debug-wordpress/">Debugging in WordPress</a> for more information. (This message was added in version 6.3.0.) in /Users/barisakin/source/docdb/wordpress/wordpress/wp-includes/functions.php on line 6131
[06-Mar-2026 01:47:12 UTC] PHP Notice:  Function WP_List_Util::pluck was called <strong>incorrectly</strong>. Values for the input array must be either objects or arrays. Please see <a href="https://developer.wordpress.org/advanced-administration/debug/debug-wordpress/">Debugging in WordPress</a> for more information. (This message was added in version 6.2.0.) in /Users/barisakin/source/docdb/wordpress/wordpress/wp-includes/functions.php on line 6131
[06-Mar-2026 01:47:12 UTC] PHP Warning:  Attempt to read property "ID" on null in /Users/barisakin/source/docdb/wordpress/wordpress/wp-includes/post.php on line 7699
[06-Mar-2026 01:47:12 UTC] PHP Deprecated:  Using null as an array offset is deprecated, use an empty string instead in /Users/barisakin/source/docdb/wordpress/wordpress/wp-includes/post.php on line 7699
[06-Mar-2026 01:47:12 UTC] PHP Notice:  Function WP_Object_Cache::add was called <strong>incorrectly</strong>. Cache key must not be an empty string. Please see <a href="https://developer.wordpress.org/advanced-administration/debug/debug-wordpress/">Debugging in WordPress</a> for more information. (This message was added in version 6.1.0.) in /Users/barisakin/source/docdb/wordpress/wordpress/wp-includes/functions.php on line 6131
[06-Mar-2026 01:47:12 UTC] PHP Warning:  Attempt to read property "ID" on null in /Users/barisakin/source/docdb/wordpress/wordpress/wp-includes/post.php on line 7786
[06-Mar-2026 01:47:12 UTC] PHP Warning:  Attempt to read property "ID" on null in /Users/barisakin/source/docdb/wordpress/wordpress/wp-includes/post.php on line 7937
[06-Mar-2026 01:47:12 UTC] PHP Warning:  Attempt to read property "ID" on null in /Users/barisakin/source/docdb/wordpress/wordpress/wp-includes/post.php on line 7938
[06-Mar-2026 01:47:12 UTC] PHP Warning:  Attempt to read property "ID" on null in /Users/barisakin/source/docdb/wordpress/wordpress/wp-includes/post.php on line 7938
[06-Mar-2026 01:47:12 UTC] PHP Warning:  Attempt to read property "ID" on null in /Users/barisakin/source/docdb/wordpress/wordpress/wp-includes/post.php on line 7949
[06-Mar-2026 01:47:12 UTC] PHP Warning:  Attempt to read property "post_type" on null in /Users/barisakin/source/docdb/wordpress/wordpress/wp-includes/post.php on line 7957
[06-Mar-2026 01:47:12 UTC] PHP Warning:  Attempt to read property "post_type" on null in /Users/barisakin/source/docdb/wordpress/wordpress/wp-includes/post.php on line 7957
[06-Mar-2026 01:47:12 UTC] PHP Warning:  Attempt to read property "post_type" on null in /Users/barisakin/source/docdb/wordpress/wordpress/wp-includes/post.php on line 7957
[06-Mar-2026 01:47:12 UTC] PHP Warning:  Attempt to read property "post_type" on null in /Users/barisakin/source/docdb/wordpress/wordpress/wp-includes/post.php on line 7962
[06-Mar-2026 01:47:12 UTC] PHP Warning:  Attempt to read property "post_type" on null in /Users/barisakin/source/docdb/wordpress/wordpress/wp-includes/post.php on line 7963
[06-Mar-2026 01:47:12 UTC] PHP Warning:  Attempt to read property "ID" on null in /Users/barisakin/source/docdb/wordpress/wordpress/wp-includes/post.php on line 7967
[06-Mar-2026 01:47:12 UTC] PHP Warning:  Attempt to read property "post_type" on null in /Users/barisakin/source/docdb/wordpress/wordpress/wp-includes/post.php on line 8229
[06-Mar-2026 01:47:12 UTC] PHP Warning:  Attempt to read property "post_type" on null in /Users/barisakin/source/docdb/wordpress/wordpress/wp-includes/nav-menu.php on line 1139
[06-Mar-2026 01:47:12 UTC] PHP Warning:  Attempt to read property "post_type" on null in /Users/barisakin/source/docdb/wordpress/wordpress/wp-includes/theme.php on line 3656
[06-Mar-2026 01:47:12 UTC] PHP Warning:  Attempt to read property "post_type" on null in /Users/barisakin/source/docdb/wordpress/wordpress/wp-includes/theme.php on line 3882
[06-Mar-2026 01:47:12 UTC] PHP Warning:  Attempt to read property "post_type" on null in /Users/barisakin/source/docdb/wordpress/wordpress/wp-includes/post.php on line 5884
[06-Mar-2026 01:47:12 UTC] PHP Warning:  Attempt to read property "ID" on null in /Users/barisakin/source/docdb/wordpress/wordpress/wp-includes/post.php on line 5884
[06-Mar-2026 01:47:12 UTC] PHP Warning:  Attempt to read property "post_type" on null in /Users/barisakin/source/docdb/wordpress/wordpress/wp-includes/post.php on line 5183
[06-Mar-2026 01:47:13 UTC] PHP Notice:  Function _get_non_cached_ids was called <strong>incorrectly</strong>. Object ID must be an integer, NULL given. Please see <a href="https://developer.wordpress.org/advanced-administration/debug/debug-wordpress/">Debugging in WordPress</a> for more information. (This message was added in version 6.3.0.) in /Users/barisakin/source/docdb/wordpress/wordpress/wp-includes/functions.php on line 6131
[06-Mar-2026 01:47:13 UTC] PHP Notice:  Function WP_List_Util::pluck was called <strong>incorrectly</strong>. Values for the input array must be either objects or arrays. Please see <a href="https://developer.wordpress.org/advanced-administration/debug/debug-wordpress/">Debugging in WordPress</a> for more information. (This message was added in version 6.2.0.) in /Users/barisakin/source/docdb/wordpress/wordpress/wp-includes/functions.php on line 6131
[06-Mar-2026 01:47:13 UTC] PHP Warning:  Attempt to read property "ID" on null in /Users/barisakin/source/docdb/wordpress/wordpress/wp-includes/post.php on line 7699
[06-Mar-2026 01:47:13 UTC] PHP Deprecated:  Using null as an array offset is deprecated, use an empty string instead in /Users/barisakin/source/docdb/wordpress/wordpress/wp-includes/post.php on line 7699
[06-Mar-2026 01:47:13 UTC] PHP Notice:  Function WP_Object_Cache::add was called <strong>incorrectly</strong>. Cache key must not be an empty string. Please see <a href="https://developer.wordpress.org/advanced-administration/debug/debug-wordpress/">Debugging in WordPress</a> for more information. (This message was added in version 6.1.0.) in /Users/barisakin/source/docdb/wordpress/wordpress/wp-includes/functions.php on line 6131
[06-Mar-2026 01:47:13 UTC] PHP Warning:  Attempt to read property "ID" on null in /Users/barisakin/source/docdb/wordpress/wordpress/wp-includes/post.php on line 7786
[06-Mar-2026 01:47:13 UTC] PHP Warning:  Attempt to read property "ID" on null in /Users/barisakin/source/docdb/wordpress/wordpress/wp-includes/post.php on line 7937
[06-Mar-2026 01:47:13 UTC] PHP Warning:  Attempt to read property "ID" on null in /Users/barisakin/source/docdb/wordpress/wordpress/wp-includes/post.php on line 7938
[06-Mar-2026 01:47:13 UTC] PHP Warning:  Attempt to read property "ID" on null in /Users/barisakin/source/docdb/wordpress/wordpress/wp-includes/post.php on line 7938
[06-Mar-2026 01:47:13 UTC] PHP Warning:  Attempt to read property "ID" on null in /Users/barisakin/source/docdb/wordpress/wordpress/wp-includes/post.php on line 7949
[06-Mar-2026 01:47:13 UTC] PHP Warning:  Attempt to read property "post_type" on null in /Users/barisakin/source/docdb/wordpress/wordpress/wp-includes/post.php on line 7957
[06-Mar-2026 01:47:13 UTC] PHP Warning:  Attempt to read property "post_type" on null in /Users/barisakin/source/docdb/wordpress/wordpress/wp-includes/post.php on line 7957
[06-Mar-2026 01:47:13 UTC] PHP Warning:  Attempt to read property "post_type" on null in /Users/barisakin/source/docdb/wordpress/wordpress/wp-includes/post.php on line 7957
[06-Mar-2026 01:47:13 UTC] PHP Warning:  Attempt to read property "post_type" on null in /Users/barisakin/source/docdb/wordpress/wordpress/wp-includes/post.php on line 7962
[06-Mar-2026 01:47:13 UTC] PHP Warning:  Attempt to read property "post_type" on null in /Users/barisakin/source/docdb/wordpress/wordpress/wp-includes/post.php on line 7963
[06-Mar-2026 01:47:13 UTC] PHP Warning:  Attempt to read property "ID" on null in /Users/barisakin/source/docdb/wordpress/wordpress/wp-includes/post.php on line 7967
[06-Mar-2026 01:47:13 UTC] PHP Warning:  Attempt to read property "post_type" on null in /Users/barisakin/source/docdb/wordpress/wordpress/wp-includes/post.php on line 8229
[06-Mar-2026 01:47:13 UTC] PHP Warning:  Attempt to read property "post_type" on null in /Users/barisakin/source/docdb/wordpress/wordpress/wp-includes/nav-menu.php on line 1139
[06-Mar-2026 01:47:13 UTC] PHP Warning:  Attempt to read property "post_type" on null in /Users/barisakin/source/docdb/wordpress/wordpress/wp-includes/theme.php on line 3656
[06-Mar-2026 01:47:13 UTC] PHP Warning:  Attempt to read property "post_type" on null in /Users/barisakin/source/docdb/wordpress/wordpress/wp-includes/theme.php on line 3882
[06-Mar-2026 01:47:13 UTC] PHP Warning:  Attempt to read property "post_type" on null in /Users/barisakin/source/docdb/wordpress/wordpress/wp-includes/post.php on line 5884
[06-Mar-2026 01:47:13 UTC] PHP Warning:  Attempt to read property "ID" on null in /Users/barisakin/source/docdb/wordpress/wordpress/wp-includes/post.php on line 5884
[06-Mar-2026 01:47:13 UTC] PHP Warning:  Attempt to read property "post_type" on null in /Users/barisakin/source/docdb/wordpress/wordpress/wp-includes/post.php on line 5183
[06-Mar-2026 01:47:16 UTC] PHP Notice:  Function _get_non_cached_ids was called <strong>incorrectly</strong>. Object ID must be an integer, NULL given. Please see <a href="https://developer.wordpress.org/advanced-administration/debug/debug-wordpress/">Debugging in WordPress</a> for more information. (This message was added in version 6.3.0.) in /Users/barisakin/source/docdb/wordpress/wordpress/wp-includes/functions.php on line 6131
[06-Mar-2026 01:47:16 UTC] PHP Notice:  Function WP_List_Util::pluck was called <strong>incorrectly</strong>. Values for the input array must be either objects or arrays. Please see <a href="https://developer.wordpress.org/advanced-administration/debug/debug-wordpress/">Debugging in WordPress</a> for more information. (This message was added in version 6.2.0.) in /Users/barisakin/source/docdb/wordpress/wordpress/wp-includes/functions.php on line 6131
[06-Mar-2026 01:47:16 UTC] PHP Warning:  Attempt to read property "ID" on null in /Users/barisakin/source/docdb/wordpress/wordpress/wp-includes/post.php on line 7699
[06-Mar-2026 01:47:16 UTC] PHP Deprecated:  Using null as an array offset is deprecated, use an empty string instead in /Users/barisakin/source/docdb/wordpress/wordpress/wp-includes/post.php on line 7699
[06-Mar-2026 01:47:16 UTC] PHP Notice:  Function WP_Object_Cache::add was called <strong>incorrectly</strong>. Cache key must not be an empty string. Please see <a href="https://developer.wordpress.org/advanced-administration/debug/debug-wordpress/">Debugging in WordPress</a> for more information. (This message was added in version 6.1.0.) in /Users/barisakin/source/docdb/wordpress/wordpress/wp-includes/functions.php on line 6131
[06-Mar-2026 01:47:16 UTC] PHP Warning:  Attempt to read property "ID" on null in /Users/barisakin/source/docdb/wordpress/wordpress/wp-includes/post.php on line 7786
[06-Mar-2026 01:47:17 UTC] PHP Warning:  Attempt to read property "ID" on null in /Users/barisakin/source/docdb/wordpress/wordpress/wp-includes/post.php on line 7937
[06-Mar-2026 01:47:17 UTC] PHP Warning:  Attempt to read property "ID" on null in /Users/barisakin/source/docdb/wordpress/wordpress/wp-includes/post.php on line 7938
[06-Mar-2026 01:47:17 UTC] PHP Warning:  Attempt to read property "ID" on null in /Users/barisakin/source/docdb/wordpress/wordpress/wp-includes/post.php on line 7938
[06-Mar-2026 01:47:17 UTC] PHP Warning:  Attempt to read property "ID" on null in /Users/barisakin/source/docdb/wordpress/wordpress/wp-includes/post.php on line 7949
[06-Mar-2026 01:47:17 UTC] PHP Warning:  Attempt to read property "post_type" on null in /Users/barisakin/source/docdb/wordpress/wordpress/wp-includes/post.php on line 7957
[06-Mar-2026 01:47:17 UTC] PHP Warning:  Attempt to read property "post_type" on null in /Users/barisakin/source/docdb/wordpress/wordpress/wp-includes/post.php on line 7957
[06-Mar-2026 01:47:17 UTC] PHP Warning:  Attempt to read property "post_type" on null in /Users/barisakin/source/docdb/wordpress/wordpress/wp-includes/post.php on line 7957
[06-Mar-2026 01:47:17 UTC] PHP Warning:  Attempt to read property "post_type" on null in /Users/barisakin/source/docdb/wordpress/wordpress/wp-includes/post.php on line 7962
[06-Mar-2026 01:47:17 UTC] PHP Warning:  Attempt to read property "post_type" on null in /Users/barisakin/source/docdb/wordpress/wordpress/wp-includes/post.php on line 7963
[06-Mar-2026 01:47:17 UTC] PHP Warning:  Attempt to read property "ID" on null in /Users/barisakin/source/docdb/wordpress/wordpress/wp-includes/post.php on line 7967
[06-Mar-2026 01:47:17 UTC] PHP Warning:  Attempt to read property "post_type" on null in /Users/barisakin/source/docdb/wordpress/wordpress/wp-includes/post.php on line 8229
[06-Mar-2026 01:47:17 UTC] PHP Warning:  Attempt to read property "post_type" on null in /Users/barisakin/source/docdb/wordpress/wordpress/wp-includes/nav-menu.php on line 1139
[06-Mar-2026 01:47:17 UTC] PHP Warning:  Attempt to read property "post_type" on null in /Users/barisakin/source/docdb/wordpress/wordpress/wp-includes/theme.php on line 3656
[06-Mar-2026 01:47:17 UTC] PHP Warning:  Attempt to read property "post_type" on null in /Users/barisakin/source/docdb/wordpress/wordpress/wp-includes/theme.php on line 3882
[06-Mar-2026 01:47:17 UTC] PHP Warning:  Attempt to read property "post_type" on null in /Users/barisakin/source/docdb/wordpress/wordpress/wp-includes/post.php on line 5884
[06-Mar-2026 01:47:17 UTC] PHP Warning:  Attempt to read property "ID" on null in /Users/barisakin/source/docdb/wordpress/wordpress/wp-includes/post.php on line 5884
[06-Mar-2026 01:47:17 UTC] PHP Warning:  Attempt to read property "post_type" on null in /Users/barisakin/source/docdb/wordpress/wordpress/wp-includes/post.php on line 5183
[06-Mar-2026 01:47:18 UTC] PHP Notice:  Function _get_non_cached_ids was called <strong>incorrectly</strong>. Object ID must be an integer, NULL given. Please see <a href="https://developer.wordpress.org/advanced-administration/debug/debug-wordpress/">Debugging in WordPress</a> for more information. (This message was added in version 6.3.0.) in /Users/barisakin/source/docdb/wordpress/wordpress/wp-includes/functions.php on line 6131
[06-Mar-2026 01:47:18 UTC] PHP Notice:  Function WP_List_Util::pluck was called <strong>incorrectly</strong>. Values for the input array must be either objects or arrays. Please see <a href="https://developer.wordpress.org/advanced-administration/debug/debug-wordpress/">Debugging in WordPress</a> for more information. (This message was added in version 6.2.0.) in /Users/barisakin/source/docdb/wordpress/wordpress/wp-includes/functions.php on line 6131
[06-Mar-2026 01:47:18 UTC] PHP Warning:  Attempt to read property "ID" on null in /Users/barisakin/source/docdb/wordpress/wordpress/wp-includes/post.php on line 7699
[06-Mar-2026 01:47:18 UTC] PHP Deprecated:  Using null as an array offset is deprecated, use an empty string instead in /Users/barisakin/source/docdb/wordpress/wordpress/wp-includes/post.php on line 7699
[06-Mar-2026 01:47:18 UTC] PHP Notice:  Function WP_Object_Cache::add was called <strong>incorrectly</strong>. Cache key must not be an empty string. Please see <a href="https://developer.wordpress.org/advanced-administration/debug/debug-wordpress/">Debugging in WordPress</a> for more information. (This message was added in version 6.1.0.) in /Users/barisakin/source/docdb/wordpress/wordpress/wp-includes/functions.php on line 6131
[06-Mar-2026 01:47:18 UTC] PHP Warning:  Attempt to read property "ID" on null in /Users/barisakin/source/docdb/wordpress/wordpress/wp-includes/post.php on line 7786
[06-Mar-2026 01:47:18 UTC] PHP Warning:  Attempt to read property "ID" on null in /Users/barisakin/source/docdb/wordpress/wordpress/wp-includes/post.php on line 7937
[06-Mar-2026 01:47:18 UTC] PHP Warning:  Attempt to read property "ID" on null in /Users/barisakin/source/docdb/wordpress/wordpress/wp-includes/post.php on line 7938
[06-Mar-2026 01:47:18 UTC] PHP Warning:  Attempt to read property "ID" on null in /Users/barisakin/source/docdb/wordpress/wordpress/wp-includes/post.php on line 7938
[06-Mar-2026 01:47:18 UTC] PHP Warning:  Attempt to read property "ID" on null in /Users/barisakin/source/docdb/wordpress/wordpress/wp-includes/post.php on line 7949
[06-Mar-2026 01:47:18 UTC] PHP Warning:  Attempt to read property "post_type" on null in /Users/barisakin/source/docdb/wordpress/wordpress/wp-includes/post.php on line 7957
[06-Mar-2026 01:47:18 UTC] PHP Warning:  Attempt to read property "post_type" on null in /Users/barisakin/source/docdb/wordpress/wordpress/wp-includes/post.php on line 7957
[06-Mar-2026 01:47:18 UTC] PHP Warning:  Attempt to read property "post_type" on null in /Users/barisakin/source/docdb/wordpress/wordpress/wp-includes/post.php on line 7957
[06-Mar-2026 01:47:18 UTC] PHP Warning:  Attempt to read property "post_type" on null in /Users/barisakin/source/docdb/wordpress/wordpress/wp-includes/post.php on line 7962
[06-Mar-2026 01:47:18 UTC] PHP Warning:  Attempt to read property "post_type" on null in /Users/barisakin/source/docdb/wordpress/wordpress/wp-includes/post.php on line 7963
[06-Mar-2026 01:47:18 UTC] PHP Warning:  Attempt to read property "ID" on null in /Users/barisakin/source/docdb/wordpress/wordpress/wp-includes/post.php on line 7967
[06-Mar-2026 01:47:18 UTC] PHP Warning:  Attempt to read property "post_type" on null in /Users/barisakin/source/docdb/wordpress/wordpress/wp-includes/post.php on line 8229
[06-Mar-2026 01:47:18 UTC] PHP Warning:  Attempt to read property "post_type" on null in /Users/barisakin/source/docdb/wordpress/wordpress/wp-includes/nav-menu.php on line 1139
[06-Mar-2026 01:47:18 UTC] PHP Warning:  Attempt to read property "post_type" on null in /Users/barisakin/source/docdb/wordpress/wordpress/wp-includes/theme.php on line 3656
[06-Mar-2026 01:47:18 UTC] PHP Warning:  Attempt to read property "post_type" on null in /Users/barisakin/source/docdb/wordpress/wordpress/wp-includes/theme.php on line 3882
[06-Mar-2026 01:47:18 UTC] PHP Warning:  Attempt to read property "post_type" on null in /Users/barisakin/source/docdb/wordpress/wordpress/wp-includes/post.php on line 5884
[06-Mar-2026 01:47:18 UTC] PHP Warning:  Attempt to read property "ID" on null in /Users/barisakin/source/docdb/wordpress/wordpress/wp-includes/post.php on line 5884
[06-Mar-2026 01:47:18 UTC] PHP Warning:  Attempt to read property "post_type" on null in /Users/barisakin/source/docdb/wordpress/wordpress/wp-includes/post.php on line 5183
[06-Mar-2026 01:47:20 UTC] PHP Notice:  Function _get_non_cached_ids was called <strong>incorrectly</strong>. Object ID must be an integer, NULL given. Please see <a href="https://developer.wordpress.org/advanced-administration/debug/debug-wordpress/">Debugging in WordPress</a> for more information. (This message was added in version 6.3.0.) in /Users/barisakin/source/docdb/wordpress/wordpress/wp-includes/functions.php on line 6131
[06-Mar-2026 01:47:20 UTC] PHP Notice:  Function WP_List_Util::pluck was called <strong>incorrectly</strong>. Values for the input array must be either objects or arrays. Please see <a href="https://developer.wordpress.org/advanced-administration/debug/debug-wordpress/">Debugging in WordPress</a> for more information. (This message was added in version 6.2.0.) in /Users/barisakin/source/docdb/wordpress/wordpress/wp-includes/functions.php on line 6131
[06-Mar-2026 01:47:20 UTC] PHP Warning:  Attempt to read property "ID" on null in /Users/barisakin/source/docdb/wordpress/wordpress/wp-includes/post.php on line 7699
[06-Mar-2026 01:47:20 UTC] PHP Deprecated:  Using null as an array offset is deprecated, use an empty string instead in /Users/barisakin/source/docdb/wordpress/wordpress/wp-includes/post.php on line 7699
[06-Mar-2026 01:47:20 UTC] PHP Notice:  Function WP_Object_Cache::add was called <strong>incorrectly</strong>. Cache key must not be an empty string. Please see <a href="https://developer.wordpress.org/advanced-administration/debug/debug-wordpress/">Debugging in WordPress</a> for more information. (This message was added in version 6.1.0.) in /Users/barisakin/source/docdb/wordpress/wordpress/wp-includes/functions.php on line 6131
[06-Mar-2026 01:47:20 UTC] PHP Warning:  Attempt to read property "ID" on null in /Users/barisakin/source/docdb/wordpress/wordpress/wp-includes/post.php on line 7786
[06-Mar-2026 01:47:20 UTC] PHP Warning:  Attempt to read property "ID" on null in /Users/barisakin/source/docdb/wordpress/wordpress/wp-includes/post.php on line 7937
[06-Mar-2026 01:47:20 UTC] PHP Warning:  Attempt to read property "ID" on null in /Users/barisakin/source/docdb/wordpress/wordpress/wp-includes/post.php on line 7938
[06-Mar-2026 01:47:20 UTC] PHP Warning:  Attempt to read property "ID" on null in /Users/barisakin/source/docdb/wordpress/wordpress/wp-includes/post.php on line 7938
[06-Mar-2026 01:47:20 UTC] PHP Warning:  Attempt to read property "ID" on null in /Users/barisakin/source/docdb/wordpress/wordpress/wp-includes/post.php on line 7949
[06-Mar-2026 01:47:20 UTC] PHP Warning:  Attempt to read property "post_type" on null in /Users/barisakin/source/docdb/wordpress/wordpress/wp-includes/post.php on line 7957
[06-Mar-2026 01:47:20 UTC] PHP Warning:  Attempt to read property "post_type" on null in /Users/barisakin/source/docdb/wordpress/wordpress/wp-includes/post.php on line 7957
[06-Mar-2026 01:47:20 UTC] PHP Warning:  Attempt to read property "post_type" on null in /Users/barisakin/source/docdb/wordpress/wordpress/wp-includes/post.php on line 7957
[06-Mar-2026 01:47:20 UTC] PHP Warning:  Attempt to read property "post_type" on null in /Users/barisakin/source/docdb/wordpress/wordpress/wp-includes/post.php on line 7962
[06-Mar-2026 01:47:20 UTC] PHP Warning:  Attempt to read property "post_type" on null in /Users/barisakin/source/docdb/wordpress/wordpress/wp-includes/post.php on line 7963
[06-Mar-2026 01:47:20 UTC] PHP Warning:  Attempt to read property "ID" on null in /Users/barisakin/source/docdb/wordpress/wordpress/wp-includes/post.php on line 7967
[06-Mar-2026 01:47:20 UTC] PHP Warning:  Attempt to read property "post_type" on null in /Users/barisakin/source/docdb/wordpress/wordpress/wp-includes/post.php on line 8229
[06-Mar-2026 01:47:20 UTC] PHP Warning:  Attempt to read property "post_type" on null in /Users/barisakin/source/docdb/wordpress/wordpress/wp-includes/nav-menu.php on line 1139
[06-Mar-2026 01:47:20 UTC] PHP Warning:  Attempt to read property "post_type" on null in /Users/barisakin/source/docdb/wordpress/wordpress/wp-includes/theme.php on line 3656
[06-Mar-2026 01:47:20 UTC] PHP Warning:  Attempt to read property "post_type" on null in /Users/barisakin/source/docdb/wordpress/wordpress/wp-includes/theme.php on line 3882
[06-Mar-2026 01:47:20 UTC] PHP Warning:  Attempt to read property "post_type" on null in /Users/barisakin/source/docdb/wordpress/wordpress/wp-includes/post.php on line 5884
[06-Mar-2026 01:47:20 UTC] PHP Warning:  Attempt to read property "ID" on null in /Users/barisakin/source/docdb/wordpress/wordpress/wp-includes/post.php on line 5884
[06-Mar-2026 01:47:20 UTC] PHP Warning:  Attempt to read property "post_type" on null in /Users/barisakin/source/docdb/wordpress/wordpress/wp-includes/post.php on line 5183
[06-Mar-2026 01:48:11 UTC] PHP Notice:  Function _get_non_cached_ids was called <strong>incorrectly</strong>. Object ID must be an integer, NULL given. Please see <a href="https://developer.wordpress.org/advanced-administration/debug/debug-wordpress/">Debugging in WordPress</a> for more information. (This message was added in version 6.3.0.) in /Users/barisakin/source/docdb/wordpress/wordpress/wp-includes/functions.php on line 6131
[06-Mar-2026 01:48:11 UTC] PHP Notice:  Function WP_List_Util::pluck was called <strong>incorrectly</strong>. Values for the input array must be either objects or arrays. Please see <a href="https://developer.wordpress.org/advanced-administration/debug/debug-wordpress/">Debugging in WordPress</a> for more information. (This message was added in version 6.2.0.) in /Users/barisakin/source/docdb/wordpress/wordpress/wp-includes/functions.php on line 6131
[06-Mar-2026 01:48:11 UTC] PHP Warning:  Attempt to read property "ID" on null in /Users/barisakin/source/docdb/wordpress/wordpress/wp-includes/post.php on line 7699
[06-Mar-2026 01:48:11 UTC] PHP Deprecated:  Using null as an array offset is deprecated, use an empty string instead in /Users/barisakin/source/docdb/wordpress/wordpress/wp-includes/post.php on line 7699
[06-Mar-2026 01:48:11 UTC] PHP Notice:  Function WP_Object_Cache::add was called <strong>incorrectly</strong>. Cache key must not be an empty string. Please see <a href="https://developer.wordpress.org/advanced-administration/debug/debug-wordpress/">Debugging in WordPress</a> for more information. (This message was added in version 6.1.0.) in /Users/barisakin/source/docdb/wordpress/wordpress/wp-includes/functions.php on line 6131
[06-Mar-2026 01:48:11 UTC] PHP Warning:  Attempt to read property "ID" on null in /Users/barisakin/source/docdb/wordpress/wordpress/wp-includes/post.php on line 7786
[06-Mar-2026 01:48:11 UTC] PHP Warning:  Attempt to read property "ID" on null in /Users/barisakin/source/docdb/wordpress/wordpress/wp-includes/post.php on line 7937
[06-Mar-2026 01:48:11 UTC] PHP Warning:  Attempt to read property "ID" on null in /Users/barisakin/source/docdb/wordpress/wordpress/wp-includes/post.php on line 7938
[06-Mar-2026 01:48:11 UTC] PHP Warning:  Attempt to read property "ID" on null in /Users/barisakin/source/docdb/wordpress/wordpress/wp-includes/post.php on line 7938
[06-Mar-2026 01:48:11 UTC] PHP Warning:  Attempt to read property "ID" on null in /Users/barisakin/source/docdb/wordpress/wordpress/wp-includes/post.php on line 7949
[06-Mar-2026 01:48:11 UTC] PHP Warning:  Attempt to read property "post_type" on null in /Users/barisakin/source/docdb/wordpress/wordpress/wp-includes/post.php on line 7957
[06-Mar-2026 01:48:11 UTC] PHP Warning:  Attempt to read property "post_type" on null in /Users/barisakin/source/docdb/wordpress/wordpress/wp-includes/post.php on line 7957
[06-Mar-2026 01:48:11 UTC] PHP Warning:  Attempt to read property "post_type" on null in /Users/barisakin/source/docdb/wordpress/wordpress/wp-includes/post.php on line 7957
[06-Mar-2026 01:48:11 UTC] PHP Warning:  Attempt to read property "post_type" on null in /Users/barisakin/source/docdb/wordpress/wordpress/wp-includes/post.php on line 7962
[06-Mar-2026 01:48:11 UTC] PHP Warning:  Attempt to read property "post_type" on null in /Users/barisakin/source/docdb/wordpress/wordpress/wp-includes/post.php on line 7963
[06-Mar-2026 01:48:11 UTC] PHP Warning:  Attempt to read property "ID" on null in /Users/barisakin/source/docdb/wordpress/wordpress/wp-includes/post.php on line 7967
[06-Mar-2026 01:48:11 UTC] PHP Warning:  Attempt to read property "post_type" on null in /Users/barisakin/source/docdb/wordpress/wordpress/wp-includes/post.php on line 8229
[06-Mar-2026 01:48:11 UTC] PHP Warning:  Attempt to read property "post_type" on null in /Users/barisakin/source/docdb/wordpress/wordpress/wp-includes/nav-menu.php on line 1139
[06-Mar-2026 01:48:11 UTC] PHP Warning:  Attempt to read property "post_type" on null in /Users/barisakin/source/docdb/wordpress/wordpress/wp-includes/theme.php on line 3656
[06-Mar-2026 01:48:11 UTC] PHP Warning:  Attempt to read property "post_type" on null in /Users/barisakin/source/docdb/wordpress/wordpress/wp-includes/theme.php on line 3882
[06-Mar-2026 01:48:11 UTC] PHP Warning:  Attempt to read property "post_type" on null in /Users/barisakin/source/docdb/wordpress/wordpress/wp-includes/post.php on line 5884
[06-Mar-2026 01:48:11 UTC] PHP Warning:  Attempt to read property "ID" on null in /Users/barisakin/source/docdb/wordpress/wordpress/wp-includes/post.php on line 5884
[06-Mar-2026 01:48:11 UTC] PHP Warning:  Attempt to read property "post_type" on null in /Users/barisakin/source/docdb/wordpress/wordpress/wp-includes/post.php on line 5183
[06-Mar-2026 01:48:24 UTC] PHP Warning:  Undefined property: stdClass::$ID in /Users/barisakin/source/docdb/wordpress/wordpress/wp-includes/user.php on line 2001
[06-Mar-2026 01:48:24 UTC] PHP Notice:  Function WP_Object_Cache::add was called <strong>incorrectly</strong>. Cache key must be an integer or a non-empty string, NULL given. Please see <a href="https://developer.wordpress.org/advanced-administration/debug/debug-wordpress/">Debugging in WordPress</a> for more information. (This message was added in version 6.1.0.) in /Users/barisakin/source/docdb/wordpress/wordpress/wp-includes/functions.php on line 6131
[06-Mar-2026 01:48:24 UTC] PHP Warning:  Undefined property: stdClass::$ID in /Users/barisakin/source/docdb/wordpress/wordpress/wp-includes/user.php on line 2002
[06-Mar-2026 01:48:24 UTC] PHP Warning:  Undefined property: stdClass::$ID in /Users/barisakin/source/docdb/wordpress/wordpress/wp-includes/user.php on line 2003
[06-Mar-2026 01:48:24 UTC] PHP Warning:  Undefined property: stdClass::$ID in /Users/barisakin/source/docdb/wordpress/wordpress/wp-includes/user.php on line 2006
[06-Mar-2026 01:48:24 UTC] PHP Notice:  Function WP_Object_Cache::get was called <strong>incorrectly</strong>. Cache key must be an integer or a non-empty string, NULL given. Please see <a href="https://developer.wordpress.org/advanced-administration/debug/debug-wordpress/">Debugging in WordPress</a> for more information. (This message was added in version 6.1.0.) in /Users/barisakin/source/docdb/wordpress/wordpress/wp-includes/functions.php on line 6131
[06-Mar-2026 01:48:24 UTC] PHP Warning:  Undefined property: stdClass::$ID in /Users/barisakin/source/docdb/wordpress/wordpress/wp-includes/user.php on line 2001
[06-Mar-2026 01:48:24 UTC] PHP Notice:  Function WP_Object_Cache::add was called <strong>incorrectly</strong>. Cache key must be an integer or a non-empty string, NULL given. Please see <a href="https://developer.wordpress.org/advanced-administration/debug/debug-wordpress/">Debugging in WordPress</a> for more information. (This message was added in version 6.1.0.) in /Users/barisakin/source/docdb/wordpress/wordpress/wp-includes/functions.php on line 6131
[06-Mar-2026 01:48:24 UTC] PHP Warning:  Undefined property: stdClass::$ID in /Users/barisakin/source/docdb/wordpress/wordpress/wp-includes/user.php on line 2002
[06-Mar-2026 01:48:24 UTC] PHP Warning:  Undefined property: stdClass::$ID in /Users/barisakin/source/docdb/wordpress/wordpress/wp-includes/user.php on line 2003
[06-Mar-2026 01:48:24 UTC] PHP Warning:  Undefined property: stdClass::$ID in /Users/barisakin/source/docdb/wordpress/wordpress/wp-includes/user.php on line 2006
[06-Mar-2026 01:48:25 UTC] PHP Notice:  Function _get_non_cached_ids was called <strong>incorrectly</strong>. Object ID must be an integer, NULL given. Please see <a href="https://developer.wordpress.org/advanced-administration/debug/debug-wordpress/">Debugging in WordPress</a> for more information. (This message was added in version 6.3.0.) in /Users/barisakin/source/docdb/wordpress/wordpress/wp-includes/functions.php on line 6131
[06-Mar-2026 01:48:25 UTC] PHP Notice:  Function WP_List_Util::pluck was called <strong>incorrectly</strong>. Values for the input array must be either objects or arrays. Please see <a href="https://developer.wordpress.org/advanced-administration/debug/debug-wordpress/">Debugging in WordPress</a> for more information. (This message was added in version 6.2.0.) in /Users/barisakin/source/docdb/wordpress/wordpress/wp-includes/functions.php on line 6131
[06-Mar-2026 01:48:25 UTC] PHP Warning:  Attempt to read property "ID" on null in /Users/barisakin/source/docdb/wordpress/wordpress/wp-includes/post.php on line 7699
[06-Mar-2026 01:48:25 UTC] PHP Deprecated:  Using null as an array offset is deprecated, use an empty string instead in /Users/barisakin/source/docdb/wordpress/wordpress/wp-includes/post.php on line 7699
[06-Mar-2026 01:48:25 UTC] PHP Notice:  Function WP_Object_Cache::add was called <strong>incorrectly</strong>. Cache key must not be an empty string. Please see <a href="https://developer.wordpress.org/advanced-administration/debug/debug-wordpress/">Debugging in WordPress</a> for more information. (This message was added in version 6.1.0.) in /Users/barisakin/source/docdb/wordpress/wordpress/wp-includes/functions.php on line 6131
[06-Mar-2026 01:48:25 UTC] PHP Warning:  Attempt to read property "ID" on null in /Users/barisakin/source/docdb/wordpress/wordpress/wp-includes/post.php on line 7786
[06-Mar-2026 01:48:25 UTC] PHP Warning:  Attempt to read property "ID" on null in /Users/barisakin/source/docdb/wordpress/wordpress/wp-includes/post.php on line 7937
[06-Mar-2026 01:48:25 UTC] PHP Warning:  Attempt to read property "ID" on null in /Users/barisakin/source/docdb/wordpress/wordpress/wp-includes/post.php on line 7938
[06-Mar-2026 01:48:25 UTC] PHP Warning:  Attempt to read property "ID" on null in /Users/barisakin/source/docdb/wordpress/wordpress/wp-includes/post.php on line 7938
[06-Mar-2026 01:48:25 UTC] PHP Warning:  Attempt to read property "ID" on null in /Users/barisakin/source/docdb/wordpress/wordpress/wp-includes/post.php on line 7949
[06-Mar-2026 01:48:25 UTC] PHP Warning:  Attempt to read property "post_type" on null in /Users/barisakin/source/docdb/wordpress/wordpress/wp-includes/post.php on line 7957
[06-Mar-2026 01:48:25 UTC] PHP Warning:  Attempt to read property "post_type" on null in /Users/barisakin/source/docdb/wordpress/wordpress/wp-includes/post.php on line 7957
[06-Mar-2026 01:48:25 UTC] PHP Warning:  Attempt to read property "post_type" on null in /Users/barisakin/source/docdb/wordpress/wordpress/wp-includes/post.php on line 7957
[06-Mar-2026 01:48:25 UTC] PHP Warning:  Attempt to read property "post_type" on null in /Users/barisakin/source/docdb/wordpress/wordpress/wp-includes/post.php on line 7962
[06-Mar-2026 01:48:25 UTC] PHP Warning:  Attempt to read property "post_type" on null in /Users/barisakin/source/docdb/wordpress/wordpress/wp-includes/post.php on line 7963
[06-Mar-2026 01:48:25 UTC] PHP Warning:  Attempt to read property "ID" on null in /Users/barisakin/source/docdb/wordpress/wordpress/wp-includes/post.php on line 7967
[06-Mar-2026 01:48:25 UTC] PHP Warning:  Attempt to read property "post_type" on null in /Users/barisakin/source/docdb/wordpress/wordpress/wp-includes/post.php on line 8229
[06-Mar-2026 01:48:25 UTC] PHP Warning:  Attempt to read property "post_type" on null in /Users/barisakin/source/docdb/wordpress/wordpress/wp-includes/nav-menu.php on line 1139
[06-Mar-2026 01:48:25 UTC] PHP Warning:  Attempt to read property "post_type" on null in /Users/barisakin/source/docdb/wordpress/wordpress/wp-includes/theme.php on line 3656
[06-Mar-2026 01:48:25 UTC] PHP Warning:  Attempt to read property "post_type" on null in /Users/barisakin/source/docdb/wordpress/wordpress/wp-includes/theme.php on line 3882
[06-Mar-2026 01:48:25 UTC] PHP Warning:  Attempt to read property "post_type" on null in /Users/barisakin/source/docdb/wordpress/wordpress/wp-includes/post.php on line 5884
[06-Mar-2026 01:48:25 UTC] PHP Warning:  Attempt to read property "ID" on null in /Users/barisakin/source/docdb/wordpress/wordpress/wp-includes/post.php on line 5884
[06-Mar-2026 01:48:25 UTC] PHP Warning:  Attempt to read property "post_type" on null in /Users/barisakin/source/docdb/wordpress/wordpress/wp-includes/post.php on line 5183
[06-Mar-2026 01:48:35 UTC] PHP Warning:  Undefined property: stdClass::$ID in /Users/barisakin/source/docdb/wordpress/wordpress/wp-includes/user.php on line 2001
[06-Mar-2026 01:48:35 UTC] PHP Notice:  Function WP_Object_Cache::add was called <strong>incorrectly</strong>. Cache key must be an integer or a non-empty string, NULL given. Please see <a href="https://developer.wordpress.org/advanced-administration/debug/debug-wordpress/">Debugging in WordPress</a> for more information. (This message was added in version 6.1.0.) in /Users/barisakin/source/docdb/wordpress/wordpress/wp-includes/functions.php on line 6131
[06-Mar-2026 01:48:35 UTC] PHP Warning:  Undefined property: stdClass::$ID in /Users/barisakin/source/docdb/wordpress/wordpress/wp-includes/user.php on line 2002
[06-Mar-2026 01:48:35 UTC] PHP Warning:  Undefined property: stdClass::$ID in /Users/barisakin/source/docdb/wordpress/wordpress/wp-includes/user.php on line 2003
[06-Mar-2026 01:48:35 UTC] PHP Warning:  Undefined property: stdClass::$ID in /Users/barisakin/source/docdb/wordpress/wordpress/wp-includes/user.php on line 2006
[06-Mar-2026 01:48:35 UTC] PHP Notice:  Function WP_Object_Cache::get was called <strong>incorrectly</strong>. Cache key must be an integer or a non-empty string, NULL given. Please see <a href="https://developer.wordpress.org/advanced-administration/debug/debug-wordpress/">Debugging in WordPress</a> for more information. (This message was added in version 6.1.0.) in /Users/barisakin/source/docdb/wordpress/wordpress/wp-includes/functions.php on line 6131
[06-Mar-2026 01:48:35 UTC] PHP Warning:  Undefined property: stdClass::$ID in /Users/barisakin/source/docdb/wordpress/wordpress/wp-includes/user.php on line 2001
[06-Mar-2026 01:48:35 UTC] PHP Notice:  Function WP_Object_Cache::add was called <strong>incorrectly</strong>. Cache key must be an integer or a non-empty string, NULL given. Please see <a href="https://developer.wordpress.org/advanced-administration/debug/debug-wordpress/">Debugging in WordPress</a> for more information. (This message was added in version 6.1.0.) in /Users/barisakin/source/docdb/wordpress/wordpress/wp-includes/functions.php on line 6131
[06-Mar-2026 01:48:35 UTC] PHP Warning:  Undefined property: stdClass::$ID in /Users/barisakin/source/docdb/wordpress/wordpress/wp-includes/user.php on line 2002
[06-Mar-2026 01:48:35 UTC] PHP Warning:  Undefined property: stdClass::$ID in /Users/barisakin/source/docdb/wordpress/wordpress/wp-includes/user.php on line 2003
[06-Mar-2026 01:48:35 UTC] PHP Warning:  Undefined property: stdClass::$ID in /Users/barisakin/source/docdb/wordpress/wordpress/wp-includes/user.php on line 2006
[06-Mar-2026 01:48:36 UTC] PHP Notice:  Function _get_non_cached_ids was called <strong>incorrectly</strong>. Object ID must be an integer, NULL given. Please see <a href="https://developer.wordpress.org/advanced-administration/debug/debug-wordpress/">Debugging in WordPress</a> for more information. (This message was added in version 6.3.0.) in /Users/barisakin/source/docdb/wordpress/wordpress/wp-includes/functions.php on line 6131
[06-Mar-2026 01:48:36 UTC] PHP Notice:  Function WP_List_Util::pluck was called <strong>incorrectly</strong>. Values for the input array must be either objects or arrays. Please see <a href="https://developer.wordpress.org/advanced-administration/debug/debug-wordpress/">Debugging in WordPress</a> for more information. (This message was added in version 6.2.0.) in /Users/barisakin/source/docdb/wordpress/wordpress/wp-includes/functions.php on line 6131
[06-Mar-2026 01:48:36 UTC] PHP Warning:  Attempt to read property "ID" on null in /Users/barisakin/source/docdb/wordpress/wordpress/wp-includes/post.php on line 7699
[06-Mar-2026 01:48:36 UTC] PHP Deprecated:  Using null as an array offset is deprecated, use an empty string instead in /Users/barisakin/source/docdb/wordpress/wordpress/wp-includes/post.php on line 7699
[06-Mar-2026 01:48:36 UTC] PHP Notice:  Function WP_Object_Cache::add was called <strong>incorrectly</strong>. Cache key must not be an empty string. Please see <a href="https://developer.wordpress.org/advanced-administration/debug/debug-wordpress/">Debugging in WordPress</a> for more information. (This message was added in version 6.1.0.) in /Users/barisakin/source/docdb/wordpress/wordpress/wp-includes/functions.php on line 6131
[06-Mar-2026 01:48:36 UTC] PHP Warning:  Attempt to read property "ID" on null in /Users/barisakin/source/docdb/wordpress/wordpress/wp-includes/post.php on line 7786
[06-Mar-2026 01:48:36 UTC] PHP Warning:  Attempt to read property "ID" on null in /Users/barisakin/source/docdb/wordpress/wordpress/wp-includes/post.php on line 7937
[06-Mar-2026 01:48:36 UTC] PHP Warning:  Attempt to read property "ID" on null in /Users/barisakin/source/docdb/wordpress/wordpress/wp-includes/post.php on line 7938
[06-Mar-2026 01:48:36 UTC] PHP Warning:  Attempt to read property "ID" on null in /Users/barisakin/source/docdb/wordpress/wordpress/wp-includes/post.php on line 7938
[06-Mar-2026 01:48:36 UTC] PHP Warning:  Attempt to read property "ID" on null in /Users/barisakin/source/docdb/wordpress/wordpress/wp-includes/post.php on line 7949
[06-Mar-2026 01:48:36 UTC] PHP Warning:  Attempt to read property "post_type" on null in /Users/barisakin/source/docdb/wordpress/wordpress/wp-includes/post.php on line 7957
[06-Mar-2026 01:48:36 UTC] PHP Warning:  Attempt to read property "post_type" on null in /Users/barisakin/source/docdb/wordpress/wordpress/wp-includes/post.php on line 7957
[06-Mar-2026 01:48:36 UTC] PHP Warning:  Attempt to read property "post_type" on null in /Users/barisakin/source/docdb/wordpress/wordpress/wp-includes/post.php on line 7957
[06-Mar-2026 01:48:36 UTC] PHP Warning:  Attempt to read property "post_type" on null in /Users/barisakin/source/docdb/wordpress/wordpress/wp-includes/post.php on line 7962
[06-Mar-2026 01:48:36 UTC] PHP Warning:  Attempt to read property "post_type" on null in /Users/barisakin/source/docdb/wordpress/wordpress/wp-includes/post.php on line 7963
[06-Mar-2026 01:48:36 UTC] PHP Warning:  Attempt to read property "ID" on null in /Users/barisakin/source/docdb/wordpress/wordpress/wp-includes/post.php on line 7967
[06-Mar-2026 01:48:36 UTC] PHP Warning:  Attempt to read property "post_type" on null in /Users/barisakin/source/docdb/wordpress/wordpress/wp-includes/post.php on line 8229
[06-Mar-2026 01:48:36 UTC] PHP Warning:  Attempt to read property "post_type" on null in /Users/barisakin/source/docdb/wordpress/wordpress/wp-includes/nav-menu.php on line 1139
[06-Mar-2026 01:48:36 UTC] PHP Warning:  Attempt to read property "post_type" on null in /Users/barisakin/source/docdb/wordpress/wordpress/wp-includes/theme.php on line 3656
[06-Mar-2026 01:48:36 UTC] PHP Warning:  Attempt to read property "post_type" on null in /Users/barisakin/source/docdb/wordpress/wordpress/wp-includes/theme.php on line 3882
[06-Mar-2026 01:48:36 UTC] PHP Warning:  Attempt to read property "post_type" on null in /Users/barisakin/source/docdb/wordpress/wordpress/wp-includes/post.php on line 5884
[06-Mar-2026 01:48:36 UTC] PHP Warning:  Attempt to read property "ID" on null in /Users/barisakin/source/docdb/wordpress/wordpress/wp-includes/post.php on line 5884
[06-Mar-2026 01:48:36 UTC] PHP Warning:  Attempt to read property "post_type" on null in /Users/barisakin/source/docdb/wordpress/wordpress/wp-includes/post.php on line 5183
[06-Mar-2026 01:48:53 UTC] PHP Warning:  Undefined property: stdClass::$ID in /Users/barisakin/source/docdb/wordpress/wordpress/wp-includes/user.php on line 2001
[06-Mar-2026 01:48:53 UTC] PHP Notice:  Function WP_Object_Cache::add was called <strong>incorrectly</strong>. Cache key must be an integer or a non-empty string, NULL given. Please see <a href="https://developer.wordpress.org/advanced-administration/debug/debug-wordpress/">Debugging in WordPress</a> for more information. (This message was added in version 6.1.0.) in /Users/barisakin/source/docdb/wordpress/wordpress/wp-includes/functions.php on line 6131
[06-Mar-2026 01:48:53 UTC] PHP Warning:  Undefined property: stdClass::$ID in /Users/barisakin/source/docdb/wordpress/wordpress/wp-includes/user.php on line 2002
[06-Mar-2026 01:48:53 UTC] PHP Warning:  Undefined property: stdClass::$ID in /Users/barisakin/source/docdb/wordpress/wordpress/wp-includes/user.php on line 2003
[06-Mar-2026 01:48:53 UTC] PHP Warning:  Undefined property: stdClass::$ID in /Users/barisakin/source/docdb/wordpress/wordpress/wp-includes/user.php on line 2006
[06-Mar-2026 01:48:53 UTC] PHP Notice:  Function WP_Object_Cache::get was called <strong>incorrectly</strong>. Cache key must be an integer or a non-empty string, NULL given. Please see <a href="https://developer.wordpress.org/advanced-administration/debug/debug-wordpress/">Debugging in WordPress</a> for more information. (This message was added in version 6.1.0.) in /Users/barisakin/source/docdb/wordpress/wordpress/wp-includes/functions.php on line 6131
[06-Mar-2026 01:48:53 UTC] PHP Warning:  Undefined property: stdClass::$ID in /Users/barisakin/source/docdb/wordpress/wordpress/wp-includes/user.php on line 2001
[06-Mar-2026 01:48:53 UTC] PHP Notice:  Function WP_Object_Cache::add was called <strong>incorrectly</strong>. Cache key must be an integer or a non-empty string, NULL given. Please see <a href="https://developer.wordpress.org/advanced-administration/debug/debug-wordpress/">Debugging in WordPress</a> for more information. (This message was added in version 6.1.0.) in /Users/barisakin/source/docdb/wordpress/wordpress/wp-includes/functions.php on line 6131
[06-Mar-2026 01:48:53 UTC] PHP Warning:  Undefined property: stdClass::$ID in /Users/barisakin/source/docdb/wordpress/wordpress/wp-includes/user.php on line 2002
[06-Mar-2026 01:48:53 UTC] PHP Warning:  Undefined property: stdClass::$ID in /Users/barisakin/source/docdb/wordpress/wordpress/wp-includes/user.php on line 2003
[06-Mar-2026 01:48:53 UTC] PHP Warning:  Undefined property: stdClass::$ID in /Users/barisakin/source/docdb/wordpress/wordpress/wp-includes/user.php on line 2006
[06-Mar-2026 01:48:54 UTC] PHP Notice:  Function _get_non_cached_ids was called <strong>incorrectly</strong>. Object ID must be an integer, NULL given. Please see <a href="https://developer.wordpress.org/advanced-administration/debug/debug-wordpress/">Debugging in WordPress</a> for more information. (This message was added in version 6.3.0.) in /Users/barisakin/source/docdb/wordpress/wordpress/wp-includes/functions.php on line 6131
[06-Mar-2026 01:48:54 UTC] PHP Notice:  Function WP_List_Util::pluck was called <strong>incorrectly</strong>. Values for the input array must be either objects or arrays. Please see <a href="https://developer.wordpress.org/advanced-administration/debug/debug-wordpress/">Debugging in WordPress</a> for more information. (This message was added in version 6.2.0.) in /Users/barisakin/source/docdb/wordpress/wordpress/wp-includes/functions.php on line 6131
[06-Mar-2026 01:48:54 UTC] PHP Warning:  Attempt to read property "ID" on null in /Users/barisakin/source/docdb/wordpress/wordpress/wp-includes/post.php on line 7699
[06-Mar-2026 01:48:54 UTC] PHP Deprecated:  Using null as an array offset is deprecated, use an empty string instead in /Users/barisakin/source/docdb/wordpress/wordpress/wp-includes/post.php on line 7699
[06-Mar-2026 01:48:54 UTC] PHP Notice:  Function WP_Object_Cache::add was called <strong>incorrectly</strong>. Cache key must not be an empty string. Please see <a href="https://developer.wordpress.org/advanced-administration/debug/debug-wordpress/">Debugging in WordPress</a> for more information. (This message was added in version 6.1.0.) in /Users/barisakin/source/docdb/wordpress/wordpress/wp-includes/functions.php on line 6131
[06-Mar-2026 01:48:54 UTC] PHP Warning:  Attempt to read property "ID" on null in /Users/barisakin/source/docdb/wordpress/wordpress/wp-includes/post.php on line 7786
[06-Mar-2026 01:48:54 UTC] PHP Warning:  Attempt to read property "ID" on null in /Users/barisakin/source/docdb/wordpress/wordpress/wp-includes/post.php on line 7937
[06-Mar-2026 01:48:54 UTC] PHP Warning:  Attempt to read property "ID" on null in /Users/barisakin/source/docdb/wordpress/wordpress/wp-includes/post.php on line 7938
[06-Mar-2026 01:48:54 UTC] PHP Warning:  Attempt to read property "ID" on null in /Users/barisakin/source/docdb/wordpress/wordpress/wp-includes/post.php on line 7938
[06-Mar-2026 01:48:54 UTC] PHP Warning:  Attempt to read property "ID" on null in /Users/barisakin/source/docdb/wordpress/wordpress/wp-includes/post.php on line 7949
[06-Mar-2026 01:48:54 UTC] PHP Warning:  Attempt to read property "post_type" on null in /Users/barisakin/source/docdb/wordpress/wordpress/wp-includes/post.php on line 7957
[06-Mar-2026 01:48:54 UTC] PHP Warning:  Attempt to read property "post_type" on null in /Users/barisakin/source/docdb/wordpress/wordpress/wp-includes/post.php on line 7957
[06-Mar-2026 01:48:54 UTC] PHP Warning:  Attempt to read property "post_type" on null in /Users/barisakin/source/docdb/wordpress/wordpress/wp-includes/post.php on line 7957
[06-Mar-2026 01:48:54 UTC] PHP Warning:  Attempt to read property "post_type" on null in /Users/barisakin/source/docdb/wordpress/wordpress/wp-includes/post.php on line 7962
[06-Mar-2026 01:48:54 UTC] PHP Warning:  Attempt to read property "post_type" on null in /Users/barisakin/source/docdb/wordpress/wordpress/wp-includes/post.php on line 7963
[06-Mar-2026 01:48:54 UTC] PHP Warning:  Attempt to read property "ID" on null in /Users/barisakin/source/docdb/wordpress/wordpress/wp-includes/post.php on line 7967
[06-Mar-2026 01:48:54 UTC] PHP Warning:  Attempt to read property "post_type" on null in /Users/barisakin/source/docdb/wordpress/wordpress/wp-includes/post.php on line 8229
[06-Mar-2026 01:48:54 UTC] PHP Warning:  Attempt to read property "post_type" on null in /Users/barisakin/source/docdb/wordpress/wordpress/wp-includes/nav-menu.php on line 1139
[06-Mar-2026 01:48:54 UTC] PHP Warning:  Attempt to read property "post_type" on null in /Users/barisakin/source/docdb/wordpress/wordpress/wp-includes/theme.php on line 3656
[06-Mar-2026 01:48:54 UTC] PHP Warning:  Attempt to read property "post_type" on null in /Users/barisakin/source/docdb/wordpress/wordpress/wp-includes/theme.php on line 3882
[06-Mar-2026 01:48:54 UTC] PHP Warning:  Attempt to read property "post_type" on null in /Users/barisakin/source/docdb/wordpress/wordpress/wp-includes/post.php on line 5884
[06-Mar-2026 01:48:54 UTC] PHP Warning:  Attempt to read property "ID" on null in /Users/barisakin/source/docdb/wordpress/wordpress/wp-includes/post.php on line 5884
[06-Mar-2026 01:48:54 UTC] PHP Warning:  Attempt to read property "post_type" on null in /Users/barisakin/source/docdb/wordpress/wordpress/wp-includes/post.php on line 5183
[06-Mar-2026 01:49:44 UTC] PHP Warning:  Undefined property: stdClass::$ID in /Users/barisakin/source/docdb/wordpress/wordpress/wp-includes/user.php on line 2001
[06-Mar-2026 01:49:44 UTC] PHP Notice:  Function WP_Object_Cache::add was called <strong>incorrectly</strong>. Cache key must be an integer or a non-empty string, NULL given. Please see <a href="https://developer.wordpress.org/advanced-administration/debug/debug-wordpress/">Debugging in WordPress</a> for more information. (This message was added in version 6.1.0.) in /Users/barisakin/source/docdb/wordpress/wordpress/wp-includes/functions.php on line 6131
[06-Mar-2026 01:49:44 UTC] PHP Warning:  Undefined property: stdClass::$ID in /Users/barisakin/source/docdb/wordpress/wordpress/wp-includes/user.php on line 2002
[06-Mar-2026 01:49:44 UTC] PHP Warning:  Undefined property: stdClass::$ID in /Users/barisakin/source/docdb/wordpress/wordpress/wp-includes/user.php on line 2003
[06-Mar-2026 01:49:44 UTC] PHP Warning:  Undefined property: stdClass::$ID in /Users/barisakin/source/docdb/wordpress/wordpress/wp-includes/user.php on line 2006
[06-Mar-2026 01:49:44 UTC] PHP Notice:  Function WP_Object_Cache::get was called <strong>incorrectly</strong>. Cache key must be an integer or a non-empty string, NULL given. Please see <a href="https://developer.wordpress.org/advanced-administration/debug/debug-wordpress/">Debugging in WordPress</a> for more information. (This message was added in version 6.1.0.) in /Users/barisakin/source/docdb/wordpress/wordpress/wp-includes/functions.php on line 6131
[06-Mar-2026 01:49:44 UTC] PHP Warning:  Undefined property: stdClass::$ID in /Users/barisakin/source/docdb/wordpress/wordpress/wp-includes/user.php on line 2001
[06-Mar-2026 01:49:44 UTC] PHP Notice:  Function WP_Object_Cache::add was called <strong>incorrectly</strong>. Cache key must be an integer or a non-empty string, NULL given. Please see <a href="https://developer.wordpress.org/advanced-administration/debug/debug-wordpress/">Debugging in WordPress</a> for more information. (This message was added in version 6.1.0.) in /Users/barisakin/source/docdb/wordpress/wordpress/wp-includes/functions.php on line 6131
[06-Mar-2026 01:49:44 UTC] PHP Warning:  Undefined property: stdClass::$ID in /Users/barisakin/source/docdb/wordpress/wordpress/wp-includes/user.php on line 2002
[06-Mar-2026 01:49:44 UTC] PHP Warning:  Undefined property: stdClass::$ID in /Users/barisakin/source/docdb/wordpress/wordpress/wp-includes/user.php on line 2003
[06-Mar-2026 01:49:44 UTC] PHP Warning:  Undefined property: stdClass::$ID in /Users/barisakin/source/docdb/wordpress/wordpress/wp-includes/user.php on line 2006
[06-Mar-2026 01:50:07 UTC] PHP Warning:  Undefined property: stdClass::$ID in /Users/barisakin/source/docdb/wordpress/wordpress/wp-includes/user.php on line 2001
[06-Mar-2026 01:50:07 UTC] PHP Notice:  Function WP_Object_Cache::add was called <strong>incorrectly</strong>. Cache key must be an integer or a non-empty string, NULL given. Please see <a href="https://developer.wordpress.org/advanced-administration/debug/debug-wordpress/">Debugging in WordPress</a> for more information. (This message was added in version 6.1.0.) in /Users/barisakin/source/docdb/wordpress/wordpress/wp-includes/functions.php on line 6131
[06-Mar-2026 01:50:07 UTC] PHP Warning:  Undefined property: stdClass::$ID in /Users/barisakin/source/docdb/wordpress/wordpress/wp-includes/user.php on line 2002
[06-Mar-2026 01:50:07 UTC] PHP Warning:  Undefined property: stdClass::$ID in /Users/barisakin/source/docdb/wordpress/wordpress/wp-includes/user.php on line 2003
[06-Mar-2026 01:50:07 UTC] PHP Warning:  Undefined property: stdClass::$ID in /Users/barisakin/source/docdb/wordpress/wordpress/wp-includes/user.php on line 2006
[06-Mar-2026 01:50:07 UTC] PHP Notice:  Function WP_Object_Cache::get was called <strong>incorrectly</strong>. Cache key must be an integer or a non-empty string, NULL given. Please see <a href="https://developer.wordpress.org/advanced-administration/debug/debug-wordpress/">Debugging in WordPress</a> for more information. (This message was added in version 6.1.0.) in /Users/barisakin/source/docdb/wordpress/wordpress/wp-includes/functions.php on line 6131
[06-Mar-2026 01:50:07 UTC] PHP Warning:  Undefined property: stdClass::$ID in /Users/barisakin/source/docdb/wordpress/wordpress/wp-includes/user.php on line 2001
[06-Mar-2026 01:50:07 UTC] PHP Notice:  Function WP_Object_Cache::add was called <strong>incorrectly</strong>. Cache key must be an integer or a non-empty string, NULL given. Please see <a href="https://developer.wordpress.org/advanced-administration/debug/debug-wordpress/">Debugging in WordPress</a> for more information. (This message was added in version 6.1.0.) in /Users/barisakin/source/docdb/wordpress/wordpress/wp-includes/functions.php on line 6131
[06-Mar-2026 01:50:07 UTC] PHP Warning:  Undefined property: stdClass::$ID in /Users/barisakin/source/docdb/wordpress/wordpress/wp-includes/user.php on line 2002
[06-Mar-2026 01:50:07 UTC] PHP Warning:  Undefined property: stdClass::$ID in /Users/barisakin/source/docdb/wordpress/wordpress/wp-includes/user.php on line 2003
[06-Mar-2026 01:50:07 UTC] PHP Warning:  Undefined property: stdClass::$ID in /Users/barisakin/source/docdb/wordpress/wordpress/wp-includes/user.php on line 2006
[06-Mar-2026 01:50:34 UTC] PHP Warning:  Undefined property: stdClass::$ID in /Users/barisakin/source/docdb/wordpress/wordpress/wp-includes/user.php on line 2001
[06-Mar-2026 01:50:34 UTC] PHP Notice:  Function WP_Object_Cache::add was called <strong>incorrectly</strong>. Cache key must be an integer or a non-empty string, NULL given. Please see <a href="https://developer.wordpress.org/advanced-administration/debug/debug-wordpress/">Debugging in WordPress</a> for more information. (This message was added in version 6.1.0.) in /Users/barisakin/source/docdb/wordpress/wordpress/wp-includes/functions.php on line 6131
[06-Mar-2026 01:50:34 UTC] PHP Warning:  Undefined property: stdClass::$ID in /Users/barisakin/source/docdb/wordpress/wordpress/wp-includes/user.php on line 2002
[06-Mar-2026 01:50:34 UTC] PHP Warning:  Undefined property: stdClass::$ID in /Users/barisakin/source/docdb/wordpress/wordpress/wp-includes/user.php on line 2003
[06-Mar-2026 01:50:34 UTC] PHP Warning:  Undefined property: stdClass::$ID in /Users/barisakin/source/docdb/wordpress/wordpress/wp-includes/user.php on line 2006
[06-Mar-2026 01:50:34 UTC] PHP Notice:  Function WP_Object_Cache::get was called <strong>incorrectly</strong>. Cache key must be an integer or a non-empty string, NULL given. Please see <a href="https://developer.wordpress.org/advanced-administration/debug/debug-wordpress/">Debugging in WordPress</a> for more information. (This message was added in version 6.1.0.) in /Users/barisakin/source/docdb/wordpress/wordpress/wp-includes/functions.php on line 6131
[06-Mar-2026 01:50:34 UTC] PHP Warning:  Undefined property: stdClass::$ID in /Users/barisakin/source/docdb/wordpress/wordpress/wp-includes/user.php on line 2001
[06-Mar-2026 01:50:34 UTC] PHP Notice:  Function WP_Object_Cache::add was called <strong>incorrectly</strong>. Cache key must be an integer or a non-empty string, NULL given. Please see <a href="https://developer.wordpress.org/advanced-administration/debug/debug-wordpress/">Debugging in WordPress</a> for more information. (This message was added in version 6.1.0.) in /Users/barisakin/source/docdb/wordpress/wordpress/wp-includes/functions.php on line 6131
[06-Mar-2026 01:50:34 UTC] PHP Warning:  Undefined property: stdClass::$ID in /Users/barisakin/source/docdb/wordpress/wordpress/wp-includes/user.php on line 2002
[06-Mar-2026 01:50:34 UTC] PHP Warning:  Undefined property: stdClass::$ID in /Users/barisakin/source/docdb/wordpress/wordpress/wp-includes/user.php on line 2003
[06-Mar-2026 01:50:34 UTC] PHP Warning:  Undefined property: stdClass::$ID in /Users/barisakin/source/docdb/wordpress/wordpress/wp-includes/user.php on line 2006
[06-Mar-2026 01:50:50 UTC] PHP Warning:  Undefined property: stdClass::$ID in /Users/barisakin/source/docdb/wordpress/wordpress/wp-includes/user.php on line 2001
[06-Mar-2026 01:50:50 UTC] PHP Notice:  Function WP_Object_Cache::add was called <strong>incorrectly</strong>. Cache key must be an integer or a non-empty string, NULL given. Please see <a href="https://developer.wordpress.org/advanced-administration/debug/debug-wordpress/">Debugging in WordPress</a> for more information. (This message was added in version 6.1.0.) in /Users/barisakin/source/docdb/wordpress/wordpress/wp-includes/functions.php on line 6131
[06-Mar-2026 01:50:50 UTC] PHP Warning:  Undefined property: stdClass::$ID in /Users/barisakin/source/docdb/wordpress/wordpress/wp-includes/user.php on line 2002
[06-Mar-2026 01:50:50 UTC] PHP Warning:  Undefined property: stdClass::$ID in /Users/barisakin/source/docdb/wordpress/wordpress/wp-includes/user.php on line 2003
[06-Mar-2026 01:50:50 UTC] PHP Warning:  Undefined property: stdClass::$ID in /Users/barisakin/source/docdb/wordpress/wordpress/wp-includes/user.php on line 2006
[06-Mar-2026 01:50:50 UTC] PHP Notice:  Function WP_Object_Cache::get was called <strong>incorrectly</strong>. Cache key must be an integer or a non-empty string, NULL given. Please see <a href="https://developer.wordpress.org/advanced-administration/debug/debug-wordpress/">Debugging in WordPress</a> for more information. (This message was added in version 6.1.0.) in /Users/barisakin/source/docdb/wordpress/wordpress/wp-includes/functions.php on line 6131
[06-Mar-2026 01:50:50 UTC] PHP Warning:  Undefined property: stdClass::$ID in /Users/barisakin/source/docdb/wordpress/wordpress/wp-includes/user.php on line 2001
[06-Mar-2026 01:50:50 UTC] PHP Notice:  Function WP_Object_Cache::add was called <strong>incorrectly</strong>. Cache key must be an integer or a non-empty string, NULL given. Please see <a href="https://developer.wordpress.org/advanced-administration/debug/debug-wordpress/">Debugging in WordPress</a> for more information. (This message was added in version 6.1.0.) in /Users/barisakin/source/docdb/wordpress/wordpress/wp-includes/functions.php on line 6131
[06-Mar-2026 01:50:50 UTC] PHP Warning:  Undefined property: stdClass::$ID in /Users/barisakin/source/docdb/wordpress/wordpress/wp-includes/user.php on line 2002
[06-Mar-2026 01:50:50 UTC] PHP Warning:  Undefined property: stdClass::$ID in /Users/barisakin/source/docdb/wordpress/wordpress/wp-includes/user.php on line 2003
[06-Mar-2026 01:50:50 UTC] PHP Warning:  Undefined property: stdClass::$ID in /Users/barisakin/source/docdb/wordpress/wordpress/wp-includes/user.php on line 2006
[06-Mar-2026 02:16:50 UTC] OxiDB wpdb error: invalid query: unknown operator: $nin | Query: SELECT  COUNT(*)
			 FROM wp_comments 
			 WHERE ( comment_approved = '1' ) AND comment_type NOT IN ('note')
			 
			 
			 
[06-Mar-2026 02:16:50 UTC] OxiDB wpdb error: invalid query: unknown operator: $nin | Query: SELECT  COUNT(*)
			 FROM wp_comments 
			 WHERE ( comment_approved = '0' ) AND comment_type NOT IN ('note')
			 
			 
			 
[06-Mar-2026 02:16:50 UTC] OxiDB wpdb error: invalid query: unknown operator: $nin | Query: SELECT  COUNT(*)
			 FROM wp_comments 
			 WHERE ( comment_approved = 'spam' ) AND comment_type NOT IN ('note')
			 
			 
			 
[06-Mar-2026 02:16:50 UTC] OxiDB wpdb error: invalid query: unknown operator: $nin | Query: SELECT  COUNT(*)
			 FROM wp_comments 
			 WHERE ( comment_approved = 'trash' ) AND comment_type NOT IN ('note')
			 
			 
			 
[06-Mar-2026 02:16:50 UTC] OxiDB wpdb error: invalid query: unknown operator: $nin | Query: SELECT  COUNT(*)
			 FROM wp_comments 
			 WHERE ( comment_approved = 'post-trashed' ) AND comment_type NOT IN ('note')
			 
			 
			 
[06-Mar-2026 02:16:52 UTC] PHP Warning:  Undefined array key "post_status" in /Users/barisakin/source/docdb/wordpress/wordpress/wp-includes/post.php on line 3463
[06-Mar-2026 02:16:52 UTC] PHP Deprecated:  Using null as an array offset is deprecated, use an empty string instead in /Users/barisakin/source/docdb/wordpress/wordpress/wp-includes/post.php on line 3463
[06-Mar-2026 02:16:52 UTC] OxiDB wpdb error: invalid query: unknown operator: $nin | Query: SELECT  wp_comments.comment_ID
			 FROM wp_comments 
			 WHERE ( ( comment_approved = '0' OR comment_approved = '1' ) ) AND comment_type NOT IN ('note')
			 
			 ORDER BY wp_comments.comment_date_gmt DESC
			 LIMIT 0,25
[06-Mar-2026 02:16:56 UTC] OxiDB wpdb error: invalid query: unknown operator: $nin | Query: SELECT  COUNT(*)
			 FROM wp_comments 
			 WHERE ( comment_approved = '1' ) AND comment_type NOT IN ('note')
			 
			 
			 
[06-Mar-2026 02:16:56 UTC] OxiDB wpdb error: invalid query: unknown operator: $nin | Query: SELECT  COUNT(*)
			 FROM wp_comments 
			 WHERE ( comment_approved = '0' ) AND comment_type NOT IN ('note')
			 
			 
			 
[06-Mar-2026 02:16:56 UTC] OxiDB wpdb error: invalid query: unknown operator: $nin | Query: SELECT  COUNT(*)
			 FROM wp_comments 
			 WHERE ( comment_approved = 'spam' ) AND comment_type NOT IN ('note')
			 
			 
			 
[06-Mar-2026 02:16:56 UTC] OxiDB wpdb error: invalid query: unknown operator: $nin | Query: SELECT  COUNT(*)
			 FROM wp_comments 
			 WHERE ( comment_approved = 'trash' ) AND comment_type NOT IN ('note')
			 
			 
			 
[06-Mar-2026 02:16:56 UTC] OxiDB wpdb error: invalid query: unknown operator: $nin | Query: SELECT  COUNT(*)
			 FROM wp_comments 
			 WHERE ( comment_approved = 'post-trashed' ) AND comment_type NOT IN ('note')
			 
			 
			 
[06-Mar-2026 02:16:56 UTC] PHP Warning:  Undefined array key "post_status" in /Users/barisakin/source/docdb/wordpress/wordpress/wp-includes/post.php on line 3463
[06-Mar-2026 02:16:56 UTC] PHP Deprecated:  Using null as an array offset is deprecated, use an empty string instead in /Users/barisakin/source/docdb/wordpress/wordpress/wp-includes/post.php on line 3463
[06-Mar-2026 02:16:56 UTC] PHP Warning:  Undefined array key "post_status" in /Users/barisakin/source/docdb/wordpress/wordpress/wp-includes/post.php on line 3463
[06-Mar-2026 02:16:56 UTC] PHP Deprecated:  Using null as an array offset is deprecated, use an empty string instead in /Users/barisakin/source/docdb/wordpress/wordpress/wp-includes/post.php on line 3463
[06-Mar-2026 02:16:56 UTC] OxiDB wpdb error: invalid query: unknown operator: $nin | Query: SELECT  wp_comments.comment_ID
			 FROM wp_comments 
			 WHERE ( ( comment_approved = '0' OR comment_approved = '1' ) ) AND comment_type NOT IN ('note')
			 
			 ORDER BY wp_comments.comment_date_gmt DESC
			 LIMIT 0,25
[06-Mar-2026 02:17:50 UTC] OxiDB wpdb error: invalid query: unknown operator: $nin | Query: SELECT  COUNT(*)
			 FROM wp_comments 
			 WHERE ( comment_approved = '1' ) AND comment_type NOT IN ('note')
			 
			 
			 
[06-Mar-2026 02:17:50 UTC] OxiDB wpdb error: invalid query: unknown operator: $nin | Query: SELECT  COUNT(*)
			 FROM wp_comments 
			 WHERE ( comment_approved = '0' ) AND comment_type NOT IN ('note')
			 
			 
			 
[06-Mar-2026 02:17:50 UTC] OxiDB wpdb error: invalid query: unknown operator: $nin | Query: SELECT  COUNT(*)
			 FROM wp_comments 
			 WHERE ( comment_approved = 'spam' ) AND comment_type NOT IN ('note')
			 
			 
			 
[06-Mar-2026 02:17:50 UTC] OxiDB wpdb error: invalid query: unknown operator: $nin | Query: SELECT  COUNT(*)
			 FROM wp_comments 
			 WHERE ( comment_approved = 'trash' ) AND comment_type NOT IN ('note')
			 
			 
			 
[06-Mar-2026 02:17:50 UTC] OxiDB wpdb error: invalid query: unknown operator: $nin | Query: SELECT  COUNT(*)
			 FROM wp_comments 
			 WHERE ( comment_approved = 'post-trashed' ) AND comment_type NOT IN ('note')
			 
			 
			 
[06-Mar-2026 02:17:50 UTC] PHP Warning:  Undefined array key "post_status" in /Users/barisakin/source/docdb/wordpress/wordpress/wp-includes/post.php on line 3463
[06-Mar-2026 02:17:50 UTC] PHP Deprecated:  Using null as an array offset is deprecated, use an empty string instead in /Users/barisakin/source/docdb/wordpress/wordpress/wp-includes/post.php on line 3463
[06-Mar-2026 02:17:50 UTC] PHP Warning:  Undefined array key "post_status" in /Users/barisakin/source/docdb/wordpress/wordpress/wp-includes/post.php on line 3463
[06-Mar-2026 02:17:50 UTC] PHP Deprecated:  Using null as an array offset is deprecated, use an empty string instead in /Users/barisakin/source/docdb/wordpress/wordpress/wp-includes/post.php on line 3463
[06-Mar-2026 02:17:50 UTC] OxiDB wpdb error: invalid query: unknown operator: $nin | Query: SELECT  wp_comments.comment_ID
			 FROM wp_comments 
			 WHERE ( ( comment_approved = '0' OR comment_approved = '1' ) ) AND comment_type NOT IN ('note')
			 
			 ORDER BY wp_comments.comment_date_gmt DESC
			 LIMIT 0,25
[06-Mar-2026 02:20:07 UTC] OxiDB wpdb error: invalid query: unknown operator: $nin | Query: SELECT  COUNT(*)
			 FROM wp_comments 
			 WHERE ( comment_approved = '1' ) AND comment_type NOT IN ('note')
			 
			 
			 
[06-Mar-2026 02:20:07 UTC] OxiDB wpdb error: invalid query: unknown operator: $nin | Query: SELECT  COUNT(*)
			 FROM wp_comments 
			 WHERE ( comment_approved = '0' ) AND comment_type NOT IN ('note')
			 
			 
			 
[06-Mar-2026 02:20:07 UTC] OxiDB wpdb error: invalid query: unknown operator: $nin | Query: SELECT  COUNT(*)
			 FROM wp_comments 
			 WHERE ( comment_approved = 'spam' ) AND comment_type NOT IN ('note')
			 
			 
			 
[06-Mar-2026 02:20:07 UTC] OxiDB wpdb error: invalid query: unknown operator: $nin | Query: SELECT  COUNT(*)
			 FROM wp_comments 
			 WHERE ( comment_approved = 'trash' ) AND comment_type NOT IN ('note')
			 
			 
			 
[06-Mar-2026 02:20:07 UTC] OxiDB wpdb error: invalid query: unknown operator: $nin | Query: SELECT  COUNT(*)
			 FROM wp_comments 
			 WHERE ( comment_approved = 'post-trashed' ) AND comment_type NOT IN ('note')
			 
			 
			 
[06-Mar-2026 02:20:07 UTC] PHP Warning:  Undefined array key "post_status" in /Users/barisakin/source/docdb/wordpress/wordpress/wp-includes/post.php on line 3463
[06-Mar-2026 02:20:07 UTC] PHP Deprecated:  Using null as an array offset is deprecated, use an empty string instead in /Users/barisakin/source/docdb/wordpress/wordpress/wp-includes/post.php on line 3463
[06-Mar-2026 02:20:07 UTC] PHP Warning:  Undefined array key "post_status" in /Users/barisakin/source/docdb/wordpress/wordpress/wp-includes/post.php on line 3463
[06-Mar-2026 02:20:07 UTC] PHP Deprecated:  Using null as an array offset is deprecated, use an empty string instead in /Users/barisakin/source/docdb/wordpress/wordpress/wp-includes/post.php on line 3463
[06-Mar-2026 02:20:07 UTC] OxiDB wpdb error: invalid query: unknown operator: $nin | Query: SELECT  wp_comments.comment_ID
			 FROM wp_comments 
			 WHERE ( ( comment_approved = '0' OR comment_approved = '1' ) ) AND comment_type NOT IN ('note')
			 
			 ORDER BY wp_comments.comment_date_gmt DESC
			 LIMIT 0,25
[06-Mar-2026 02:21:24 UTC] OxiDB wpdb error: invalid query: unknown operator: $nin | Query: SELECT  COUNT(*)
			 FROM wp_comments 
			 WHERE ( comment_approved = '1' ) AND comment_type NOT IN ('note')
			 
			 
			 
[06-Mar-2026 02:21:24 UTC] OxiDB wpdb error: invalid query: unknown operator: $nin | Query: SELECT  COUNT(*)
			 FROM wp_comments 
			 WHERE ( comment_approved = '0' ) AND comment_type NOT IN ('note')
			 
			 
			 
[06-Mar-2026 02:21:24 UTC] OxiDB wpdb error: invalid query: unknown operator: $nin | Query: SELECT  COUNT(*)
			 FROM wp_comments 
			 WHERE ( comment_approved = 'spam' ) AND comment_type NOT IN ('note')
			 
			 
			 
[06-Mar-2026 02:21:24 UTC] OxiDB wpdb error: invalid query: unknown operator: $nin | Query: SELECT  COUNT(*)
			 FROM wp_comments 
			 WHERE ( comment_approved = 'trash' ) AND comment_type NOT IN ('note')
			 
			 
			 
[06-Mar-2026 02:21:24 UTC] OxiDB wpdb error: invalid query: unknown operator: $nin | Query: SELECT  COUNT(*)
			 FROM wp_comments 
			 WHERE ( comment_approved = 'post-trashed' ) AND comment_type NOT IN ('note')
			 
			 
			 
[06-Mar-2026 02:21:25 UTC] PHP Warning:  Undefined array key "post_status" in /Users/barisakin/source/docdb/wordpress/wordpress/wp-includes/post.php on line 3463
[06-Mar-2026 02:21:25 UTC] PHP Deprecated:  Using null as an array offset is deprecated, use an empty string instead in /Users/barisakin/source/docdb/wordpress/wordpress/wp-includes/post.php on line 3463
[06-Mar-2026 02:21:25 UTC] PHP Warning:  Undefined array key "post_status" in /Users/barisakin/source/docdb/wordpress/wordpress/wp-includes/post.php on line 3463
[06-Mar-2026 02:21:25 UTC] PHP Deprecated:  Using null as an array offset is deprecated, use an empty string instead in /Users/barisakin/source/docdb/wordpress/wordpress/wp-includes/post.php on line 3463
[06-Mar-2026 02:21:25 UTC] OxiDB wpdb error: invalid query: unknown operator: $nin | Query: SELECT  wp_comments.comment_ID
			 FROM wp_comments 
			 WHERE ( ( comment_approved = '0' OR comment_approved = '1' ) ) AND comment_type NOT IN ('note')
			 
			 ORDER BY wp_comments.comment_date_gmt DESC
			 LIMIT 0,25
[06-Mar-2026 02:21:25 UTC] OxiDB wpdb error: invalid query: unknown operator: $nin | Query: SELECT  COUNT(*)
			 FROM wp_comments 
			 WHERE ( comment_approved = '1' ) AND comment_type NOT IN ('note')
			 
			 
			 
[06-Mar-2026 02:21:25 UTC] OxiDB wpdb error: invalid query: unknown operator: $nin | Query: SELECT  COUNT(*)
			 FROM wp_comments 
			 WHERE ( comment_approved = '0' ) AND comment_type NOT IN ('note')
			 
			 
			 
[06-Mar-2026 02:21:25 UTC] OxiDB wpdb error: invalid query: unknown operator: $nin | Query: SELECT  COUNT(*)
			 FROM wp_comments 
			 WHERE ( comment_approved = 'spam' ) AND comment_type NOT IN ('note')
			 
			 
			 
[06-Mar-2026 02:21:25 UTC] OxiDB wpdb error: invalid query: unknown operator: $nin | Query: SELECT  COUNT(*)
			 FROM wp_comments 
			 WHERE ( comment_approved = 'trash' ) AND comment_type NOT IN ('note')
			 
			 
			 
[06-Mar-2026 02:21:25 UTC] OxiDB wpdb error: invalid query: unknown operator: $nin | Query: SELECT  COUNT(*)
			 FROM wp_comments 
			 WHERE ( comment_approved = 'post-trashed' ) AND comment_type NOT IN ('note')
			 
			 
			 
[06-Mar-2026 02:21:28 UTC] OxiDB wpdb error: invalid query: unknown operator: $nin | Query: SELECT  COUNT(*)
			 FROM wp_comments 
			 WHERE ( comment_approved = '1' ) AND comment_type NOT IN ('note')
			 
			 
			 
[06-Mar-2026 02:21:28 UTC] OxiDB wpdb error: invalid query: unknown operator: $nin | Query: SELECT  COUNT(*)
			 FROM wp_comments 
			 WHERE ( comment_approved = '0' ) AND comment_type NOT IN ('note')
			 
			 
			 
[06-Mar-2026 02:21:28 UTC] OxiDB wpdb error: invalid query: unknown operator: $nin | Query: SELECT  COUNT(*)
			 FROM wp_comments 
			 WHERE ( comment_approved = 'spam' ) AND comment_type NOT IN ('note')
			 
			 
			 
[06-Mar-2026 02:21:28 UTC] OxiDB wpdb error: invalid query: unknown operator: $nin | Query: SELECT  COUNT(*)
			 FROM wp_comments 
			 WHERE ( comment_approved = 'trash' ) AND comment_type NOT IN ('note')
			 
			 
			 
[06-Mar-2026 02:21:28 UTC] OxiDB wpdb error: invalid query: unknown operator: $nin | Query: SELECT  COUNT(*)
			 FROM wp_comments 
			 WHERE ( comment_approved = 'post-trashed' ) AND comment_type NOT IN ('note')
			 
			 
			 
[06-Mar-2026 02:21:57 UTC] OxiDB wpdb error: invalid query: unknown operator: $nin | Query: SELECT  COUNT(*)
			 FROM wp_comments 
			 WHERE ( comment_approved = '1' ) AND comment_type NOT IN ('note')
			 
			 
			 
[06-Mar-2026 02:21:57 UTC] OxiDB wpdb error: invalid query: unknown operator: $nin | Query: SELECT  COUNT(*)
			 FROM wp_comments 
			 WHERE ( comment_approved = '0' ) AND comment_type NOT IN ('note')
			 
			 
			 
[06-Mar-2026 02:21:57 UTC] OxiDB wpdb error: invalid query: unknown operator: $nin | Query: SELECT  COUNT(*)
			 FROM wp_comments 
			 WHERE ( comment_approved = 'spam' ) AND comment_type NOT IN ('note')
			 
			 
			 
[06-Mar-2026 02:21:57 UTC] OxiDB wpdb error: invalid query: unknown operator: $nin | Query: SELECT  COUNT(*)
			 FROM wp_comments 
			 WHERE ( comment_approved = 'trash' ) AND comment_type NOT IN ('note')
			 
			 
			 
[06-Mar-2026 02:21:57 UTC] OxiDB wpdb error: invalid query: unknown operator: $nin | Query: SELECT  COUNT(*)
			 FROM wp_comments 
			 WHERE ( comment_approved = 'post-trashed' ) AND comment_type NOT IN ('note')
			 
			 
			 
[06-Mar-2026 02:31:58 UTC] PHP Warning:  Undefined array key "post_status" in /Users/barisakin/source/docdb/wordpress/wordpress/wp-includes/post.php on line 3463
[06-Mar-2026 02:31:58 UTC] PHP Deprecated:  Using null as an array offset is deprecated, use an empty string instead in /Users/barisakin/source/docdb/wordpress/wordpress/wp-includes/post.php on line 3463
[06-Mar-2026 02:32:19 UTC] PHP Warning:  Undefined property: stdClass::$taxonomy in /Users/barisakin/source/docdb/wordpress/wordpress/wp-includes/class-wp-term.php on line 140
[06-Mar-2026 02:32:19 UTC] PHP Warning:  Undefined property: stdClass::$taxonomy in /Users/barisakin/source/docdb/wordpress/wordpress/wp-includes/class-wp-term.php on line 140
[06-Mar-2026 02:32:19 UTC] PHP Warning:  Undefined property: stdClass::$taxonomy in /Users/barisakin/source/docdb/wordpress/wordpress/wp-includes/class-wp-term.php on line 140
[06-Mar-2026 02:32:19 UTC] PHP Warning:  Undefined property: stdClass::$taxonomy in /Users/barisakin/source/docdb/wordpress/wordpress/wp-includes/class-wp-term.php on line 140
[06-Mar-2026 02:32:19 UTC] PHP Warning:  Undefined property: stdClass::$taxonomy in /Users/barisakin/source/docdb/wordpress/wordpress/wp-includes/class-wp-term.php on line 140
[06-Mar-2026 02:32:19 UTC] PHP Warning:  Undefined property: stdClass::$taxonomy in /Users/barisakin/source/docdb/wordpress/wordpress/wp-includes/class-wp-term.php on line 140
